,Text,Label
0,Someone is going home #mkr ...that obviously cannot cook !,none
1,They didn't even wash the chicken üò© #MKR,none
2,#MKR Is honestly so fucking staged. The most over rated show after #ImACelebrityAU #MKR2015,none
3,So bummed the dull chicks on #MKR are using such a great name for their restaurant. #Sassy #Iamlatetothepartytonight #IQ,none
4,Can someone smash that bottle of Rose &amp; Lime Cordial over Drasko's head please #MKR,none
5,"Will someone pls assist Colin in the washing of his hair. Sorry Colin, big fan but pls... Some shampoo mate! #mkr",none
6,I'm done - won't bother with the rest of this pathetic shit show #mkr,none
7,#mkr just isn't the same without @chloejames____ and Kelly.,none
8,That blonde chick from #mkr is wearing my hot pink #becandbridge dress!! Lol,none
9,Really!!! Really!!! Another round!! #MKR those butcher promo girls better be nice to Sheri and Emilie.,none
10,"Lynn and Tony disappointed me, lovely people but they cannot cook. #MKR",none
11,Nothing like a little Colin to cheer up this mums night after a loooong day #MKR ;),none
12,#mkr 3 the girls are gonna be pissed about that,none
13,I hate y'all üòÇüòÇ #MKR,none
14,"Haha ""my little chickeny thing"" #MKR",none
15,"#mkr if they had to walk up and down there steps to use the loo all night..
2 much effort @Sarah_jane666",none
16,Finally a meal without dracko piping up üôâ #MKR,none
17,I look at all these #MKR meals and wonder how many stopped for a hamburger afterwards.,none
18,#mkr well they liked there dessert!,none
19,#mkr at least there are judging honestly,none
20,@mykitchenrules such a shame Lyn and Tony had to leave! They didn't deserve it! #MKR,none
21,"Those 2 making it through to the next round, Colin has just lost all credibility in my eyes.#MKR @mykitchenrules",none
22,"""I needed a dessert""  #mkr",none
23,These two are revolting #MKR #MKR2015,none
24,Cream and crumbs on a plate....work it gurls #MKR,none
25,Katie and Nikki can't cook!!! #MKR,none
26,Double drool! Colin and Manu üòª #MKR @manufeildel @FourinHand @mykitchenrules,none
27,STFU drasko #MKR,none
28,Ch 7 has taken things a little too literal last year when people said they wanted more instant restaurants #BeCarefulWhatYouWishFor #MKR,none
29,Found this little gem! #MKR on our way to #CableBeach üòúüì∑ http://t.co/m6SzQbmHdK,none
30,Are you upset about tonight's elimination result? #MKR,none
31,Catching up on #MKR. Did Nikki &amp; Katie get a script to say the things they are saying because I wouldn't be caught dead saying any of that!,none
32,The dessert looks terrible üò≥ #MKR,none
33,That's just sloppy shit on a plate - deconstructed really - give it up for disaster  #mkr,none
34,"‚Äú@TodClarey: lemon ""tart"" looks like shit #MKR‚Äù

Please- don't  hold back - tell it how you see it",none
35,Has anyone made a Twitter account for Rob's hat yet? #MKR,none
36,WTF am I watching‚Ä¶? #mkr,none
37,There's no way I can watch yet another round of instant restaurants. Switching off! #MKR,none
38,#mkr that was useless from nikki,none
39,"loving the tweets on the #Sassy girls cooking on #MKR tonight! 
#MyKitchenRules",none
40,Have the #MKR producers forgotten where kitchen headquarters is or something? another instant restaurant round! üò§ really? #overkill,none
41,What is this shit? #mkr,none
42,OMG SHUT UP DRASKO AND BIANCA #MKR #FINALFIVE,none
43,#MKR omg my dad and I are screaming at the TV.,none
44,It's insane they keep bringing people back. When will this show end #MKR,none
45,That does not look like a hot pot to me.. This has gotta be interesting.. @mykitchenrules #MKR2015 #MKR,none
46,"SERIOUSLY, not ANOTHER instant restaurant round?? üò° #MKR",none
47,Cannot believe there is round 4 of instant restaurants #MKR,none
48,Is #MKR2015 going to finish in September? #MKR,none
49,AHAHAHA I knew that would happen. Nothing new happens on #MKR,none
50,@kate_1985 - not sure!! But never fear @mykitchenrules still has 751 teams left and another Instant Restaurant round to come. #MKR,none
51,#MKR Night all. Enjoy!,none
52,THEYRE DOING IT AGAIN WTF #MKR,none
53,They could have cut and cooked their own capsicum e.t.c #MKR,none
54,I'm sure that sausage on the hotpot looks more like a turd.. #MKR,none
55,#mkr is feeling a little rigged this year.,none
56,@Matt_Cooke86 Nutrition is key to closing the .#Aboriginal life expectancy gap http://t.co/IHtNiRJMa9 @croakeyblog http://t.co/ktnqAD0TM3,none
57,Please enjoy my deconstructed lemon tart. #MKR http://t.co/PhhcBgvp5L,none
58,They barely cooked anything on that entr√©e #MKR,none
59,I've seen soup kitchens that provide a higher quality of food. Seriously. #MKR #MKR2015,none
60,I love it when these judges compromise their values because the channel 7 script writers tell them to. No credibility. #MKR,none
61,All this endless instant restaurant rounds is making me develop the DDT's every time I touch a whisk. #MKR,none
62,This show is officially fucked!!!!! Space Cadets get to stay FFS #MKR,none
63,"Ain't gonna lie, think I might try pomegranate in a cous cous salad.. Sounds yum  #MKR",none
64,Can't wait to see who finally wins this competition....in 27 months #mkr,none
65,#MKR I really hope they get out-sassed,none
66,Looks like it was an interesting night on #MKR http://t.co/dOncCrWZrh,none
67,"Stuffing up instant couscous should be an immediate elimination.
#MKR",none
68,Instant Restaurant round 47. #mkr,none
69,But nobody likes you #prayforlynn&amp;tony #MKR üôè,none
70,Here is my deconstructed Vanilla Cake...some assembly required #MKR http://t.co/Ah1suwvPJo,none
71,#MKR2015 #MKR http://t.co/mD9TyU1MOn,none
72,So this season of #MKR is going to finish in which decade? Such a drag,none
73,"That CANNOT be their house, no way!!! #MKR",none
74,They weren't kidding when they said deconstructed! #mkr,none
75,Oh another trip around the country? Will they be cooking shark? Because this show just jumped one and maimed it beyond recognition #mkr,none
76,My housemate was inspired. #mkr http://t.co/YrtSVNPknK,none
77,"Tonight's dessert is called ""Remains of the Day"". #MKR",none
78,I thought this was My KITCHEN Rule not My MICROWAVE Rules... #MKR,none
79,@4corners Lots watching #MKR who are oblivious about where tin for their phones and computers come from. Ignorance is bliss?,none
80,I hope history doesn't assume that Gen Y males are all like Drasko. #MKR,none
81,British lads Will and Steve are taking on the @mykitchenrules Instant Restaurant tonight and they're on now #MKR http://t.co/UA8kwVBEnn,none
82,Things that take longer than the Cricket World Cup.... #MKR,none
83,Another bloody instant restaurant week?!?! Seriously! They just jumped the shark riding two other sharks powered by shark power #MKR,none
84,#MKR #MKR2015 #killerblondes #mykitchenrules #eatlikelopizzo #funnyblog #episodesynopsis http://t.co/OQWFinbwc9,none
85,@mykitchenrules Hot pot?  Come on girls  . About as technical as a ham and cheese toastie. #disappointing #MKR,none
86,you're a bit wet....#MKR,none
87,"If the judges didn't give their critique first, the other contestants wouldn't know what to say; they're just copying the judges #MKR",none
88,#MKR More comebacks than Johnny Farnham!,none
89,you're just upset you aren't getting free feeds for the next three months #MKR,none
90,"#MKR tonight, #sassy overload üôÖ @katepatto @prancingaround @charlee1024",none
91,"Corsetry, bloomers and hat pins will be back in fashion by the time this series ends. #MKR",none
92,@pwafork it is awful Come Dine With Me because no one gets drunk on #mkr!,none
93,"Here's a suggestion, let's make Manu and Colin the main judges for the show! #MKR",none
94,My little lemon tarts #mkr http://t.co/XcwiPfRXmo,none
95,"those blond girls make me crazy, they are so annoying #mkr",none
96,#MKR This is fast becoming like that crap 80's movie- Neverending Story! More instant restaurants- Aaaaargh!,none
97,‚Äú@benpobjie: ‚ÄúAnd so we‚Äôll have whittled 18 down to 14 in just a few short months‚Äù #MKR‚Äù Knife fight in the car park would've been better!,none
98,Another instant restaurant round? WTF. #MKR,none
99,Can't even make your own chicken stock... #MKR,none
100,Hashtag killerblondes is the dickiest hashtag in all  #MKR history... Seriously... Why not #butcherthemodels,none
101,@PatriceChienne @mykitchenrules can understand that but the score seems so wack #mkr,none
102,Those spatchcock are still alive! #MKR,none
103,"Annie on Sunrise?

I'm wrong, that show could get worse

#MKR",none
104,"Lynn, I would have scored them a 2 #MKR",none
105,Just when they thought it was safe to go back into the kitchen... Instant restaurant redemption round! #mkr,none
106,except it's not the best looking instant restaurant.. It looks like two 13 year olds put it together #mkr,none
107,"This Season, if you can cook with frozen food, spice from a jar, tin tomatoes, jarred capsicum, you will do well.WHAT HAPPENED TO FRESH #MKR",none
108,"@berkeley_eagle #MKR  this shit show has more comebacks than Johnny Farnham, ok back to the #TheVoiceAu",none
109,I bet Drasko loves a bit of spatchcock #MKR,none
110,New #MKR format is 20Twenty... 20 teams in twenty years #snoozeyoulose,none
111,"Don't bother deconstructing my dessert, give me a fuckin lemon tart!!! #mkr",none
112,@Weeezza you must have been drunk five minutes into #MKR2015 #MKR,none
113,Not so spatchcocky now #MKR,none
114,"""I don't see how they thought it was so hard"" wanna change that love?? #mkr",none
115,There wasn't enough lemon in your lemon tart...other things there wasn't enough of...an actual tart #MKR,none
116,"Gold! RT @Weeezza: I've been playing the ""sass"" word drinking game and I've managed to deconstruct myself #MKR",none
117,"Apart from Ash and Robert, I'd pretty much forgotten about the rest of them. #MKR",none
118,@thirtyfiveblack @Sam__1985 If we're lucky. #MKR,none
119,I think I just threw up in my mouth a little #MKR,none
120,Trapped in a pole-dancing venue with that hotch potch and sausage impersonating food #MKR,none
121,@jez99 The Bruce McAvaney of #mkr üëè,none
122,@BunnikSacha Coz no one else will #mkr,none
123,"If someone has to get the highest score in history: 

It better be Eva &amp; Debra or Sherie &amp; Emilie. 

#MKR #MKR2015",none
124,"Drasko, Steve and Tennis Coach Bankrupt at the same table? #MKR",none
125,"@ACurrentAffair9 #mkr star that declared bankruptcy &amp; hides money is an asshole, i.e. Christopher Skase and his multimillionaire sons guilty",none
126,Entree worth a 3 max. My kids cook better than this and they know how to open cans! #MKR,none
127,Twitter makes me laugh....Better than the series ;)))))) Very funny üëèüëèüëèüëèüëè  #MKR,none
128,My daughter will be in university before this season of #mkr finishes,none
129,"Let it sink in that it's now MARCH and we're STILL doing instant restaurants. When's this season gonna finish, 2016? #MKR #MKR2015",none
130,This is like that Movie from the 80's. The Never Ending Story. #MKR,none
131,‚Äú@BurrawongGaian: @Le_bon_vivant_ @ConjurupFood @mykitchenrules well really spatchies are one of our specialties !!‚Äù Best spatchcock #mkr,none
132,Is there anything the dreaded Draskco doesn't know #MKR,none
133,Sounds good. #killerblondes #mkr,none
134,If this horrendousness beats Lynn and Tony the angels I'll be so sad #MKR,none
135,#MKR I am nearly done with you. A 4th instant restaurant round. No. Three is too many as it is,none
136,"""We're not going to be de-boning this spatchcock. The other teams may be expecting cooking skills, but naaahhh"" #MKR",none
137,Fark. At this rate #mkr won't crown a winner until 2022. Just get on with it,none
138,"It's voil√°, not walla #mkr",none
139,@CarlyandTresne you are the best #MKR,none
140,Thanks for making #mkr an unbearable watch @Channel7. #stopdraggingitout!!,none
141,@shootshareeat @mykitchenrules No. It's obvious the producers want some volatile action between the women for ratings. #MKR,none
142,MORE instant restaurants? I'm so fucking sick of instant restaurants #mkr,none
143,*sigh* oh Colin üòç #MKR,none
144,Oh goody another surprise twist announcement....said no one ever in the history of watching a reality TV show ever #MKR,none
145,#mkr heading into 2017 with another instant restaurant round,none
146,Seems the entire AFL season will be shorter than #MKR,none
147,So who's out of #mkr ?,none
148,How can someone fuck up cous cous for fuck sake. I can make that shit with my eyes closed #mkr,none
149,"Katie &amp; Nikkie are ""pretty"" gutsy #MKR #mkr @mykitchenrules",none
150,Another fucking round of instant restaurants!!!!! Ahhh I just want kitchen headquarters to start! #mkr,none
151,oh Kat and Andre.. I forgot about those dickheads #mkr,none
152,#mkr Goodbye. Can't stand to watch those two (words fail me) again! That was not cooking.,none
153,This season's #MKR is going to finish in 2028 at this stage,none
154,"I'm sorry but I'm not watching another round. This is getting beyond ridiculous. When you actually get people who can cook, let me know #MKR",none
155,"Why the hell are the contestants surprised about this 'redemption' round on #MKR, it happens each season idiots",none
156,This show is going to air until Christmas isn't it? #MKR,none
157,I have eaten army food from tins that looked better than that. And less like a dick. #mkr,none
158,#mkr Promo girls are going to BRING IT in the next round. Yeah! Bring it! Bring your store bought capsicums!,none
159,Drasko in #MKR looks unnervingly like crazy Clay from TV show #Banshee,none
160,I can't imagine how many more times we will see the same ads in another instant kitchen round. I am now boycotting the products. #mkr,none
161,The glasses guy is thoroughly annoying. #MKR,none
162,It's not a surprise that there's another round they did it last time and the time before. #MKR,none
163,"This show will end on 3023 Dec 2111, but they'll spring another surprise round with the contestants great great great grandchildren #MKR",none
164,I thought Helena &amp; Vikki shared the #MKR record? I remember them saying its the equal highest with Nick &amp; Rocco,none
165,Which will end first: #mkr or Tony Abbott as PM?,none
166,Waiting for one of them to trip down the stairs #MKR,none
167,Looking forward to the next round of restaurants #MKR,none
168,"Can't believe there is another round of instant restaurants but I really Sheri &amp; Emilie, my fave team gets through! #MKR",none
169,Best part of tonight's #MKR Drasco Vs Steve. War of the Chef wannabes. #gotoculinaryschoolthen #younongs,none
170,At this rate the MKR final will be in December #MKR,none
171,how can you get a 7 for a dessert advertised as LEMON tart if it barely even has any lemon... #mkr,none
172,"Bloody hell, another round of instant restaurants . Stop draining it, Channel 7! #MKR",none
173,At this rate maybe they'll all be rocking up to my house soon expecting a meal - surprise round 47 #MKR,none
174,"Basically the #MKR ""twists"" are a series of annoying ways to extend this season.",none
175,"""We are losing our mum and dad.."" 
Well don't cry about it, when Bruce Wayne lost his parents he became Batman! #MKR",none
176,And BOOM! I'm officially turned off! Someone wake me when it's all over #MKR #MKR2015 #TakeYourTime #whateverdude,none
177,"Soz my kitchen rules I've lost interest, the instants restaurants are boring as anything 3 times let alone 4 #MyKitchenMistake #MKR",none
178,They really know how to drag a show out with #mkr.,none
179,I hope Lloyd and Drasko find each other. #mkr,none
180,Another round of instant restaurants? Are you serious #MKR? Yawn...,none
181,STOP WITH THE SASS OGBAISTEID #MKR,none
182,I'm thinking #MKR will go past Christmas Eve and get into 2016 at this rate!,none
183,I just want to see people who can cook. Not the worst of the worst cook badly again #MKR,none
184,"Oh fuck me hard with a rusty chainsaw, another round of instant restaurants??? #MKR",none
185,it's gonna a girls round on #mkr this week but idc bcuz it's time for #revenge &amp; L8r #sleepyhollow &amp; #Elementary üíãüí¨üòã‚ú®üëØüç≥üì∫‚ö†Ô∏è,none
186,See you GF week #mkr for the real stuff #boring #imdone,none
187,"Pete and Manu, you're back! We've missed you! #mkr",none
188,The final is in November  #MKR,none
189,@mykitchenrules Lyn and Tony you're wonderful people and we'll miss you #mkr,none
190,Lynn and Tony you've got no change. Say goodbye now #mkr,none
191,@finicalgal And dazzling white lights in his gob. #MKR,none
192,Current highest score ever on #mkr is Helena and Vicki in last year and Nick and Rocco in 2012. They both scored 95.,none
193,"@nickfalkner oh just you wait Nick, just you wait. The end of this episode will change how you view #MKR forever.",none
194,These bottom feeders go up against another secret round of secret instant restaurants with secret food they have to cook blind with? #MKR,none
195,"Wow, four rounds of instant restaurants. They know people will tune out when the second phase begins. How long will this go? #mkr",none
196,Giving the loser teams enough time to cook everything well &amp; beat the score record? I expect scores over 100. #mkr,none
197,RT @colonelkickhead: Can someone smash that bottle of Rose &amp; Lime Cordial over Drasko's head please #MKR,none
198,RT @CarlyandTresne: Really!!! Really!!! Another round!! #MKR those butcher promo girls better be nice to Sheri and Emilie.,none
199,Were butchers but can't tell red poultry is not cooked..  #salmonellaqueens #MKR,none
200,Not dumb blondes...mmm...perhaps just delusions of adequacy? #MKR,none
201,#mkr Omg there restaurant looks like a a little girls room oh my! Gosh,none
202,Ewwww #mkr,none
203,"RT @ashwilliams1: After that knockout round, this is how many teams are left on ""My Kitchen Rules"" #mkr http://t.co/utMpjn4ZtU",none
204,STFU Drasko!! #MKR,none
205,RT @mykitchenrules: Are you upset about tonight's elimination result? #MKR,none
206,Sorry #killerblondes but you are a long LONG way from refined. #mkr,none
207,"RT @peteBREAUX_: Drasko only likes his mum's hot pot, especially when she's drunk and unconscious #MKR",none
208,"@mykitchenrules Girls, please don't let the leftovers go to waist. My dog would really appreciate it! #MKR",none
209,#mkr they have no shame!,none
210,#mkr what is this shit?,none
211,oh no.....#MKR,none
212,ANOTHER round of instant restaurants?! FFS #MKR,none
213,So Drasko just said he was impressed the girls cooked half a chicken.. They cooked a whole one  #MKR,none
214,WTF....#mkr the girls used bought sorbet amd that was the standout!!?? Shouldn't they be disqualified? ??,none
215,RT @Kathblue: #mkr is feeling a little rigged this year.,none
216,"#MKR
They say they liked the mains but they haven't eaten anything on their plates.
#sayforthesakeofsaying",none
217,I will not be using killer blondes as a hash tag! #MKR,none
218,Katie  and Nikki #MKR #MKR2015 http://t.co/IH5R1jWrSs,none
219,RT @kahlarsee: Can't wait to see who finally wins this competition....in 27 months #mkr,none
220,"RT @finicalgal: Stuffing up instant couscous should be an immediate elimination.
#MKR",none
221,RT @PoshLopez: Instant Restaurant round 47. #mkr,none
222,Drasko they didn't cook half a bird you idiot #mkr,none
223,RT @colonelkickhead: Here is my deconstructed Vanilla Cake...some assembly required #MKR http://t.co/Ah1suwvPJo,none
224,RT @andyrewbooth: #MKR2015 #MKR http://t.co/mD9TyU1MOn,none
225,RT @sculls_6: So this season of #MKR is going to finish in which decade? Such a drag,none
226,"How the f#*k are they ""models""? #MKR",none
227,"@mykitchenrules #MKR The girls are bringing some ""Sassy-ges"" to the table.",none
228,RT @NewIdeamagazine: They weren't kidding when they said deconstructed! #mkr,none
229,"RT @MolksTVTalk: Tonight's dessert is called ""Remains of the Day"". #MKR",none
230,Hopefully someone cooks Drasko in the next ep of #MKR,none
231,Just read the #killerblondes get through. Switching off. #MKR,none
232,#prayforlynn&amp;tony #mkr,none
233,RT @SueKennedy19: #MKR More comebacks than Johnny Farnham!,none
234,"RT @PatriceChienne: Corsetry, bloomers and hat pins will be back in fashion by the time this series ends. #MKR",none
235,"RT @tigernessie: Here's a suggestion, let's make Manu and Colin the main judges for the show! #MKR",none
236,"RT @mishbucsai: If I hear ""hot"" ""pretty"" ""sassy"" ""like us"" one more time.. I will deconstruct.. #MKR #killerblondes",none
237,RT @LisaMRomano: My little lemon tarts #mkr http://t.co/XcwiPfRXmo,none
238,"RT @BeLikeNaNaNa: those blond girls make me crazy, they are so annoying #mkr",none
239,RT @SueKennedy19: #MKR This is fast becoming like that crap 80's movie- Neverending Story! More instant restaurants- Aaaaargh!,none
240,RT @AlvinNg: Another instant restaurant round? WTF. #MKR,none
241,RT @KeeniMaree: Hashtag killerblondes is the dickiest hashtag in all  #MKR history... Seriously... Why not #butcherthemodels,none
242,"RT @AmyMunce: #MKR maybe you girls should go back to cutting up cows and pigs, don't quit your day job!! @mykitchenrules",none
243,nothing worse than a raw cock....oh wait....#MKR,none
244,Guess one of em isn't too bad ;) #mkr,none
245,"To all you people saying ""NOOO! #mkr dragging on!"".. there's 14 teams an weeks after these instant restaraunts. It's only 3 more months. :)",none
246,"RT @SeaEph: Annie on Sunrise?

I'm wrong, that show could get worse

#MKR",none
247,RT @asifkatelyn: Waiting for them to say 'sassy sausage' #mkr,none
248,"These 2 delusional, narcissistic hostesses on #MKR make me want to vomit my own dinner up.",none
249,"RT @SydneyEditor1: Lynn, I would have scored them a 2 #MKR",none
250,"Ugh these #KillerBlondes are killer boring, and what's with spreading their dna all over the table? Unhygienic -and- gross! #MKR2015 #MKR",none
251,RT @digital_bunnies: These girls are pretty...awful. #gohome #MKR,none
252,RT @NewIdeamagazine: Just when they thought it was safe to go back into the kitchen... Instant restaurant redemption round! #mkr,none
253,RT @babybrucewayne: except it's not the best looking instant restaurant.. It looks like two 13 year olds put it together #mkr,none
254,RT @JazzyAds: @mykitchenrules if the vapid duo of conceit get through tonight I'm not watching again #suicideblondes #mkr,none
255,#Mkr,none
256,Maybe the girls should have less tickets on themselves and worry about the cooking. #MKR,none
257,RT @colonelkickhead: There wasn't enough lemon in your lemon tart...other things there wasn't enough of...an actual tart #MKR,none
258,"If I hear ""hot"" ""pretty"" ""sassy"" ""like us"" one more time.. I will deconstruct.. #MKR #killerblondes",none
259,"""I don't think that's quite dead yet""-my mum #mkr",none
260,RT @SuzanneCarbone: Trapped in a pole-dancing venue with that hotch potch and sausage impersonating food #MKR,none
261,You know...kudos to #MKR for being able to stretch out a show....over a month onto the show and we still dont have final teams...,none
262,"If you talk the talk, you gotta walk the walk!! Do the girls know the recipe for humble pie??? #MKR",none
263,RT @SJL181: This is like that Movie from the 80's. The Never Ending Story. #MKR,none
264,"When you're on show, don't start making up dishes girls. #MKR #MKR2015",none
265,#MKR the fat South Africans are feeling hopeful,none
266,RT @shannoneurell: Fark. At this rate #mkr won't crown a winner until 2022. Just get on with it,none
267,If only this Sasquatch had wings to help these girls fly out of the whole they've dug for themselves #mkr @mykitchenrules,none
268,"""Classy and elegant"" is one way of putting it... #mkr",none
269,RT @SuzanneCarbone: Kel the butcher has never heard of these silly sausages on #mkr http://t.co/CHGKB1rirW,none
270,RT @colonelkickhead: Oh goody another surprise twist announcement....said no one ever in the history of watching a reality TV show ever #MKR,none
271,RT @john_rosato: #mkr heading into 2017 with another instant restaurant round,none
272,#MKR2015 #MKR why do they keep saying that they are so pretty,none
273,RT @drdisco_: Seems the entire AFL season will be shorter than #MKR,none
274,Who's out?  #MKR,none
275,RT @laurapolot: How can someone fuck up cous cous for fuck sake. I can make that shit with my eyes closed #mkr,none
276,Is #mkr sexist then? Four of the six teams in the fourth instant restaurants are an all-female team.,none
277,"RT @edithcollier: Why the hell are the contestants surprised about this 'redemption' round on #MKR, it happens each season idiots",none
278,RT @120dollarsfood: This show is going to air until Christmas isn't it? #MKR,none
279,RT @nickfalkner: I have eaten army food from tins that looked better than that. And less like a dick. #mkr,none
280,RT @muffintopmon: .@lukeyook I don't think there's anything more ugly than announcing how pretty you are over and over again. #MKR,none
281,YES! RT @mykitchenrules: Are you upset about tonight's elimination result? #MKR,none
282,why is their whole menu dick related?!?!?! #MKR,none
283,RT @trinnybopper: STOP SAYING SASS OR I WILL PUT MY FOOT UP YOUR ASS #MKR,none
284,RT @JL_Whitaker: Which will end first: #mkr or Tony Abbott as PM?,none
285,What a riveting little lesson in walking the catwalk. Thanks ladies #MKR,none
286,RT @kerriscupcakes: At this rate the MKR final will be in December #MKR,none
287,@EloisePeace agree! I lose interest after instant restaurants. Think they're cashing in on that fact this year. #mkr,none
288,yeah colin would be looking for more fat in his sausage.... #MKR,none
289,.@lukeyook I don't think there's anything more ugly than announcing how pretty you are over and over again. #MKR,none
290,"RT @finicalgal: Basically the #MKR ""twists"" are a series of annoying ways to extend this season.",none
291,"RT @The_Eccles: ""We are losing our mum and dad.."" 
Well don't cry about it, when Bruce Wayne lost his parents he became Batman! #MKR",none
292,@Craigles60Craig Fuck me hard with a rusty chainsaw!!! #MKR,none
293,"RT @TVWEEKmag: Pete and Manu, you're back! We've missed you! #mkr",none
294,"Sauce, capsicum and stock from a packet / jar..The quality of cooking I expected. Double standards from the 'promo girls' #Mkr #MKR #MKR2015",none
295,Kim Kardashian has had marriages that didn't stretch as long as #MKR,none
296,Absolutely #blondemoment #MKR,none
297,RT @colonelkickhead: And we'll keep doing instant restaurant rounds until these people can learn to bloody cook! #MKR,none
298,It would of been funnier if those two bottom teams just got eliminated haha #mkr,none
299,#coles #coles #MKR #snore,none
300,Personally think only one team should go through. They'll be cooking Christmas lunch in the finale the way this is shaping up! #MKR,none
301,A redemption round? This is too much  #MKR,none
302,Fuck!!! Do we have to suffer Annie and Lloyd again!?!?! Fuuuuuck #MKR,none
303,Oh so we already know whoever cooks tomorrow is gonna score 865... ill switch off at 7:35 then #mkr,none
304,@No_KitchenRules NAY #mkr,none
305,Ceeeeeeeebs another instant restaurant round #MKR,none
306,RT @CarlyandTresne: Yay Robert and Lynzey and Sheri and Emilie are back!!!! #MKR,none
307,WTF IS GOING ON #MKR,none
308,It looks like a poo in a bowl #MKR,none
309,"Patience wearing thin with all these rounds #MKR. Feels like we'll still be here at xmas 'the absolutely last, we're almost there round'",none
310,"Oh $deity, Psycho Annie is back. &gt;:-( #MKR",none
311,RT @norme73: #mkr aaaah fark. now I wish those raspberries were Nannas,none
312,I fucking want Ash back. I need her back! #MKR,none
313,"""Only the best will enter Kitchen Head Quarters. And Pete's the best at speaking in phrases punctuated by weird pauses.""
#MKR",none
314,Maybe we need a dedicated #mkr channel that goes 24/7,none
315,ANOTHER home visits round?! i'm literally fucking done #MKR,none
316,And we'll keep doing instant restaurant rounds until these people can learn to bloody cook! #MKR,none
317,This season is going to go on forever #mkr,none
318,Another instant restaurant round!!! FFS are you kidding! I am done with this show #MKR,none
319,Hooray! #MKR just got exciting again lol,none
320,@amsatweet holy crap #MKR,none
321,Another round of instant restaurants! #MKR This competition should finish sometime in 2018,none
322,Annie reminds me of Annabelle #MKR http://t.co/3Dprk4hBba,none
323,RT @Catatwitering: Enough with the instant restaurants already!  #MKR,none
324,Too. Much. Pause. For. Effect. Pete. Evans. Just annoying....not dramatic. #MKR2015 #MKR,none
325,"I don't care who it is, just as long as it's not the #promogirls #MKR",none
326,"Fuck me,  this show will still be running at Christmas #mkr",none
327,Just get rid of the two big drips #MKR,none
328,#mkr Bring it on !!,none
329,I can't handle another round of this crap #mkr,none
330,NOOOOOOOOO! Not another instant restaurant round! Waaaaaaaaaah #MKR,none
331,EUUUUUUURGGGGH NOT AGAIN #MKR,none
332,This show has been going for eleventy weeks and so far only 3 out of 18 teams eliminated? Talk about over egging the pud #mkr #ridic,none
333,I actually literally do not have patience for this hey #MKR,none
334,"A shot for every time we have to hear the word ""sassy"" and hopefully we'll all be passed out before dessert is served. #MKR #somuchsass",none
335,#mkr is going to be so good tomorrow. can't wait.,none
336,"""This is the opportunity to prove ourselves like we didn't the first time."" Er. Yeah. That's the spirit. #MKR",none
337,More instant restaurants? Are you serioussssss #MKR,none
338,Yeah Katie and Nikki are so going to LOVE Annie #mkr,none
339,"This is a joke, right. #mkr",none
340,Too many cooks. #MKR,none
341,i actually think the instant restaurants are the best part of the series #MKR,none
342,HAHAHAHAHA suckers!!!!! #mkr,none
343,RT @the_red_heifer: Holy fuck another Instant Restaurant round? Give it a fucking rest you gluttonous cunts #mkr,none
344,Bugger forgot Simon Reeve was on SBS tonight #mkr,none
345,FFS! No more instant restaurant rounds!!! #sigh #mkr,none
346,Bloody hell! How many more times can we see these people cook at home? #MKR,none
347,"Another round of instant restaurants, get to the good stuff already #MKR",none
348,Really dragging the season out this year #mkr,none
349,"Ok, I'm out. I can't sit through another round with the worst of the worst  #MKR",none
350,"Here we go again, again. #MKR",none
351,Draaaaaaaaaaaaaaaaaaaaging it out #MKR,none
352,"Another instant restaurant round? Nah, see ya MKR. Done. #mkr",none
353,Yes! Get rid of Kat! #MKR,none
354,Blondes vs blondes #MKR,none
355,Dragging this series out. #MKR,none
356,Ive missed gay lloyd.. #MKR,none
357,"That ""hotpot"" looks like all of the Bristol Stool Chart on one plate  #MKR http://t.co/a51bacKDrk",none
358,"Out of these six, I like 3 couple I think. #mkr #mkr2015",none
359,Another kitchen round. Yeah I'm out #MKR,none
360,Imagine if Annie &amp; Drasko had a baby... #MKR,none
361,RT @TheFIXninemsn: Saved by the tail of a spatchcock #mkr #promogirls,none
362,RT @eastofjanuary: How unfortunate... they're staying. #MKR,none
363,@mykitchenrules nailed it!!! #MKR,none
364,kat's eyeballs freaking out #MKR,none
365,Omg I'm done with this show. It's so torturous I'd rather be in Syria #mkr,none
366,Seriously not another instant restaurant round. #MKR,none
367,Another instant restaraunt round!? Happy and sad bout this #MKR,none
368,God another fucking instant restaurant round #mkr,none
369,Are you effing kidding me???? Talk about #JumpingTheShark #MKR,none
370,@janelouisegreen @Edible_Press capsicums from a jar...no one will notice!!!! Blah! #mkr #fassnidgewillnotice,none
371,RT @KitttyKattz: .@Scomiche_ or we could not watch . . . bit over it all!! #mkr,none
372,Not again #MKR,none
373,"#MKR has jumped the Shark Fin Soup

#MKR",none
374,I'm so over the instant restaurants  #mkr,none
375,"Oh no, we are not surprised. #mkr #MKR2015",none
376,RT @sharonpiggott: Anything deconstructed should be banned... Unless it's a shandy &amp; I can give the lemonade to my niece!! #mkr,none
377,a 3 from Lynn and Tony? Well we all know who's strategic voting #mkr,none
378,Annies back! #MKR,none
379,"RT @The_Eccles: ""Everyone underestimated us"" 
We still do, as well as underestimating the judging #MKR",none
380,Well that is interesting #MKR,none
381,Way too many teams #MKR,none
382,"@smtvic I believe another nice Irish expression would be Colin is a ""fecking eejit"". #MKR",none
383,"RT @finicalgal: And a 7 for ""smear of lemon tart""???
#MKR",none
384,Oh ders Robert!! HEY THERE!!! #mkr,none
385,Rigged #MKR,none
386,The poodle returns #MKR,none
387,Yay Robert and Lynzey and Sheri and Emilie are back!!!! #MKR,none
388,"Haha girls, it's not over yet! #mkr #MKR2015",none
389,Forgot how annoying annie is. This is what happens when the series goes for ten years  #mkr,none
390,Or just another round. #mkr,none
391,"Not another round! 

FFS

#MKR",none
392,One of the girls looks a bit like Claire Danes. #MKR,none
393,You lost me! I can't stand watching those conceited idiots any more! #MKR,none
394,Surley not another round of instant restaurants?!??! #MKR,none
395,My cheeks hurt from cringing at the #killerblondes on #MKR #MKR2015 #mykitchenrules,none
396,THE HUNGER GAMES! #mkr,none
397,"Hope you do okay XD
Looks like youll do good
Darn I want a lemon tart now :/ #killerblondes #MKR",none
398,Aww so sad goodbye Lynn &amp; Tony wish you made it through don't give up your amazing and so lovely #mkr #MKR2015,none
399,Omg Colin's been drinking the coolaid #mkr,none
400,I was sure they'd roll Lynn out like Violet Beauregarde #mkr http://t.co/CE3ohCaWrK,none
401,"RT @peteevansnot: There still trying to figure out if 57 is more than 46 or not.

#mkr",none
402,#mkr,none
403,"People don't like surprises, but they're on a reality show. irony. #MKR",none
404,3 chef wankers #MKR,none
405,"RT @G__Syd: No, honey, you can't win this competition #mkr",none
406,"So many people. This is going to go on FOREVER, isn't it? #mkr",none
407,They shouldn't keep shitty people in a cooking competition for ratings. How about you focus on people who CAN ACTUALLY COOK?? #MKR,none
408,I'm thinking there is another round of instants coming  #mkr,none
409,Is there going to be a 4th group? #MKR,none
410,ASH IS BACK! #MKR,none
411,"Emma, we need to talk about that dress #MKR",none
412,They got through.....pity....The blonde butchers. Lyn and Tony nice ppl ....have left  #MKR,none
413,"#mkr #KillerBlondes don't get ahead of yourselves, you've only proved you're not the worst",none
414,"#MKR Those sausages look unlikable, do they even know what they are doing?!",none
415,RT @120dollarsfood: Of course they're going to stay. We hate them therefore they're a ratings winner. #MKR,none
416,Boonch? #MKR,none
417,Wooo Hooo!!!!! Ash and Camilla are back!!!! #MKR,none
418,"Kate and Nikki, meet Sherie and Emilie. Class, elegance and humility.  #mkr",none
419,Can someone explain to me how food is sassy? #mkr,none
420,"No girls....you really, really can't win this competition #MKR",none
421,RT @Nathan19871: It was rigged #MKR,none
422,#MKR Rigged! So so bloody rigged!!!,none
423,"@mykitchenrules that was a joke, bullshit scores #MKR",none
424,Lousy scoring Colin. It wasn't a mascapone sorbet dish it was lemon tart. #MKR,none
425,That was definitely rigged. #MKR,none
426,Oh yay. I am so glad I get to see more of these sass girls. #MKR #SarcasmTakenToTheNextLevel,none
427,#mkr a 7 for that dessert? colin has just lost all credibility,none
428,Hey Colin! You're a knob. #MKR,none
429,"Then again, no more animal print fisherman's pants, so win #MKR",none
430,"Just put them all in a ring, give them some boxing gloves, and watch it all play out from there. #MKR",none
431,Can they please not say 'sassy' anymore? #MKR,none
432,@mykitchenrules YESSSSSS #MKR #MKR2015,none
433,HOW DO YOU GIVE A 7 FOR A LEMONLESS LEMON TART?! #MKR,none
434,how can they be ur a mum and dad after 5 days at a dinner table honestly #mkr,none
435,Time to see these girls finally cook.... Sink or swim. Sassy won't save you #mkr @mykitchenrules,none
436,Are you kidding me Colin!! How did that spew on a plate get a 7 #mkr #mrk2015,none
437,Did they drug Colin's serving or...? #mkr,none
438,Good thing deconstructed only happens in food.  Imagine getting a deconstructed house #mkr,none
439,See you later Lynne and Tony- sending you our love! Good luck in the future #MKR,none
440,I kind of want to put a sock in Draskos mouth so he will stop talking #mkr,none
441,Not happy Jan! #mkr http://t.co/DAwPZvyLAp,none
442,RT @TheAngelaOfOz: That's bullshit Colin and you know it. #mkr,none
443,You did NOT come out with the sass. let's just make that clear #MKR,none
444,How the fuck did they manage that #MKR,none
445,RT @fee_bee_63: A 7? This bloke is utterly demented. #MKR,none
446,Still doesn't change the fact that you are a pair of airheads #MKR,none
447,Damn this means j have to see more of their faces #MKR #MKR2015,none
448,a definitive ruling: sherry and prawn cocktails are not competitive #MKR,none
449,This show is rigged #MKR,none
450,Of course they're going to stay. We hate them therefore they're a ratings winner. #MKR,none
451,"And a 7 for ""smear of lemon tart""???
#MKR",none
452,Out come the fingers and toes to do the counting. #MKR,none
453,Open both doors please. Wide load coming. #MKR,none
454,#MKR Fuck you Colin! That was total shite!,none
455,WTF!!! #MKR2015 #MKR,none
456,Oh no they're staying #mkr,none
457,How unfortunate... they're staying. #MKR,none
458,NOOOOOOOOOOOOO #MKR,none
459,Saved by the tail of a spatchcock #mkr #promogirls,none
460,I hate deconstructed deserts. You never even GET anything. It's like a fucking cheese platter #mkr,none
461,Sounds awful but Tony reminds me of Mr Creosote from The Meaning of Life #MKR #MKR2015,none
462,This is just ridiculous. #mkr Another 7 FFS.,none
463,Fuck. #MKR,none
464,7 for the main &amp; dessert. What the?  #MKR,none
465,"And somehow blonde triumphs again, bugger. #mkr",none
466,That's bullshit Colin and you know it. #mkr,none
467,RT @SweatyJester: Ya gots to sass it. #MKR http://t.co/VSYY9sM9hS,none
468,Handmade gnocchi for dinner. Frugii for dessert. My home made dinner is better than that #mkr dinner.,none
469,You have a tail??? #MKR,none
470,"A 7? for unboned spatchcock and instant couscous?
#MKR",none
471,"Tony has even crossed his tits

#MKR",none
472,RT @NewIdeamagazine: The moment of truth... Did the girls deliver on their promises? #mkr,none
473,BULLSHIT!!!! #MKR #MKR2015,none
474,They better have spatched their own cock. #MKR,none
475,A 7? This bloke is utterly demented. #MKR,none
476,"#mkr Boy, @FourinHandyou sure know how to dish out an insult ""your sausage was a little short of fat..."" Glad they weren't male contestants!",none
477,Preeetty easy to spot which houses are producer rentals #MKR #MKR2015,none
478,The bord? #MKR,none
479,The reason why Katie &amp; Nikki cooked the main was all in the name. #MKR,none
480,"@thecanvass_I've just been challenged to make this menu tomorrow night after commenting ""That's not hard, I could do better than that"". #MKR",none
481,U think they realize they need a total of 10 here?? #mkr,none
482,Someone really wants to keep them in #MKR,none
483,"FUCK YOU COLIN! 

#riot #moist #mkr",none
484,Colin fully channeling Edward Scissorhands tonight #MKR,none
485,I hate when my sausage is scored a 3 #mkr,none
486,There is NOTHING glamorous about that restaurant #MKR,none
487,Joe is looking hopeful. #MKR,none
488,just eat his dick already drasko #MKR,none
489,"I've been playing the ""sass"" word drinking game and I've managed to deconstruct myself #MKR",none
490,Apparently sass is what keeps you in the competition rather than the basic skill of cooking #mkr,none
491,"Collin admits that he is easily confused by a sausage.
#MKR",none
492,Your hotpot was...I don't know....gross #MKR,none
493,RT @narryyymate: Drasko and Steve are trying to impress Collin so bad #MKR,none
494,'Welcome to our instant restaurant Tacky..I mean Sassy' #mkr #katieandnikki,none
495,"RT @squishilicious: Ad break pet pic #mkr (not my tortoise tho. I had them as a kid, this is the cutest idea!) http://t.co/Djg5k1qnZI",none
496,Three is a low score. Good work Sherlock. #MKR,none
497,#MKR my guess. bottom 2 teams from each round are going back into instant restaurants. Just saying.,none
498,AHA BUT NO ONE ELSE DOES #MKR,none
499,#MKR makes much more sense when you realise it's not a cooking show,none
500,#catchup #MKR ok so I might be turning into my mother but isn't it a bit rude to wear your hat at the table?? #lovetheQldMatesanyway,none
501,"Colin: ""make moine a dooble."" #MKR",none
502,"It must wonderful to live in a delusional, surreal world where everything evolves around you. #MKR",none
503,shoulda named the restraunt #spastic #MKR,none
504,@mykitchenrules love how u have to where the same stuff on a different night #mkr,none
505,Have you two even thought about the way you acted through this round? #MKR Scores aren't surprising,none
506,After the 3/10 I'm actually hoping that lyn and tony go home #mkr,none
507,Nikki does NOT look happy with the group's score #mkr,none
508,The show is about cooking NOT SASS #MKR,none
509,@colonelkickhead but would they cook better than these terrible contestants? #mkr,none
510,If I hear the word sass one more time... &gt;.&gt; #mkr,none
511,@dumbadm1n Pete would love it! #mkr,none
512,RT @dcm81: #killerblondes ?? Have the producers lost the plot or have my eyes failed? In what universe are they even remotely hot in?? #MKR,none
513,Katie and Nikki should've called their restaurant Conceited not Sassy #mkr http://t.co/ucU0w6Sh5I,none
514,".@helloheliotrope show changes its name to ""your kitchen, my rules"" #MKR",none
515,"If Tony &amp; Lynn are eliminated, they should just burn the set like the house in What's Eating Gilbert Grape?
#mkr",none
516,Damn he liked it #MKR,none
517,Stop saying Sass #mkr,none
518,Was that just the girls voices on they add confirming that they didn't go home? Really? Again channel 7?? #MKR,none
519,Oh it's sas that keeps them in the competition. I thought it was cooking... silly me #MKR,none
520,"It's time to go.......

Rob's hat

#MKR",none
521,@mykitchenrules double elimination? Or a challenge elimination? #mkr,none
522,#thecockroachthatjustwontdie RT @bookshopaddict: Surprise announcement?  Another bloody instant restaurant round?  #mkr,none
523,runway?!?!?! 2 boxes put together by the looks of it! #MKR,none
524,Ok... Who should stay? And who should go? #MKR,none
525,"Meanwhile, the week one contestants have married, divorced, bought and sold houses.... #mkr",none
526,Surprise announcement. Drasko is actually Superman. Been dressed as Clark Kent for the whole show.  #MKR,none
527,I got it! They're bringing the slam dunk contest to #mkr,none
528,"RT @DanAndMaz: Katie &amp; Nikki from #MKR are on #DanAndMaz tomorrow, we want to find some more ""sexy butchers""... Know any @FourinHand?

@myk‚Ä¶",none
529,Maybe there will be yet another secret round where Colin cooks off against Pete &amp; Manu &amp; the winner is declared the bigger dickhead #MKR,none
530,@squishilicious That would also be aces on a turtle. In water. :-) #MKR #PetsInAdBreaks,none
531,#MKR dying for the night when the special announcement involves the remaining teams eating the eliminated contestants.,none
532,Well done channel7 for NOT spoiling the big surprise announcement this week!!!!!!!!!! #mkr #MKR2015,none
533,Katie and Nikki better not get a point for every time they said 'we're pretty' #MKR,none
534,Hope the suprise isn't eliminated contestants get to cook off for a chance to return! #MKR,none
535,oh fuck im late!!! i missed stupid shit im sure! #MKR,none
536,I hope Colin doesn't like it #mkr,none
537,RT @Everestedup: Omg double elimination?! #MKR,none
538,Raining tens? More like raining bullshit because we all know no one can bloody cook! #MKR,none
539,In other news: the team I was rooting for last year just favourited my tweet. I'm not crying... you are. #mkr #AnnieAndJason,none
540,"pretty: adjective 1.) attractive in a delicate way without being truly beautiful.""a pretty little girl with an engaging grin"". Um, no. #mkr",none
541,"RT @finicalgal: ""We're off to a special location for this announcement. It's a warehouse with drapes and a stage. It screams 'special'.""
#M‚Ä¶",none
542,#cankles #methteeth #mkr,none
543,It's #KillerBlondes vs Serengeti at sunset on #mkr,none
544,Holy crap they just wasted 55mins of prep time getting ready and still look the same! I hope their fall is spectacular!! #MKR,none
545,RT @maddotsu: Is #channel7 taking us for a ride. Back to back as breaks.  #MKR,none
546,Another surprise twist announcement... probably going to make everyone do another home cooking round because no one can cook. #MKR,none
547,I'm guessing a total of 51 for the sassy ones and the South Africans will be gonnnnne... As they should #MKR #chokers,none
548,"""The scores will not be revealed here""
*everyone acts surprised*

Yeah like you don't all know how it goes
#mkr",none
549,"@mykitchenrules If Katie and Nikki scored a point for every time they called them selves  pretty  they would score around 273,345 #mkr",none
550,Have a feeling the girls will stay. Just.  #MKR,none
551,No matter who goes home everyone is a winner for having to have dinner with Drasko on multiple occasions #MKR,none
552,And the next surprise announcement? The losers will all transition to @masterchefau #MKR,none
553,"Ad break pet pic #mkr (not my tortoise tho. I had them as a kid, this is the cutest idea!) http://t.co/Djg5k1qnZI",none
554,Lynn and Tony being so strategic and gave a 3. I think I'll give them a 5 #MKR,none
555,Why do they always look shocked when they reveal that the final team's score will be revealed at head quarters?? It happens every year  #MKR,none
556,Not convinced the #KillerBlondes on #MKR are all that. Or at least not what they talk themselves up to be. Here's the test! @mykitchenrules,none
557,RT @pommy_popsock: Skippy was NOT served up alleged deconstructed lemon tart in this photo. #MKR #PetsInAdBreaks http://t.co/x0SS5G70W7,none
558,Another ad. Seriously? #mkr,none
559,Next surprise will be: there is a second secret round taking place on Mars by the guys that are applying to go die on Mars! #MKR,none
560,That chicken thing is disgusting #mkr,none
561,#HowToGetAwayWithMurder? Serve raw #Spatchcock! #MKR #MKR2015,none
562,"To be fair to Katie &amp; Nikki, the combined group score is way too low compared to what they served up #MKR",none
563,Surprise announcement?  Another bloody instant restaurant round?  #mkr,none
564,Omg a secret location! #MKR,none
565,Discussion of the lemon Kurd adding nuance to the Middle East debate on #MKR,none
566,Look if the girls stay they won't win the comp anyway so... I dunno dun care #mkr,none
567,Aw there's nothing to cry about Lynn xx #MKR,none
568,#mkr another reality tv twist. please stop. look how this secret round turned out.,none
569,"""Someone is going home. Absolutely. It's in the production notes and is the premise of ""elimination round.""""
#MKR",none
570,"3, 4, 4 from me. Below average all over #MKR",none
571,RT @CattyKoala: #MKR I really think you owe us your viewers an apology.  This is a cooking show - right?,none
572,"I have absolutely no idea what the phrase ""saving room for dessert"" means.
#MKR #KillerBlondes üç¥",none
573,"""We've proved we're not just the dumb blondes with pretty faces"". Whatevs. #MKR",none
574,OoOh what do you think is the surprise announcement? #MKR,none
575,"Hi ho, back to the dungeon we go! #mkr #MKR2015",none
576,Tony and Lynn wouldn't go so well on an old narrow TV. #Mkr,none
577,You have a face like a dropped pie lol #MKR,none
578,RT @Gary150iq: #MKR   Bye Bye Birdies........,none
579,Shock Horror #MKR,none
580,"Oh shut your gob Will, its hardly a surprise #MKR",none
581,Omg double elimination?! #MKR,none
582,#mkr so far deconstruction seems to also be happening on #TheBlock @TheBlock9 How abt constructing something?,none
583,RT @rayyyych: I want the blondes to meet the frizzy loud girl in the other group #mkr,none
584,RT @PatriceChienne: Drasco's doppelganger would be a more interesting conversationalist at a dinner party. #MKR http://t.co/UjgrXkEOed,none
585,I think a 3 is more than adequate. I don't want the Sif Ifrikans to go out. #MKR,none
586,RT @RobinRiedstra: Nobody likes a dry sausage. #MKR,none
587,"""I'd push for a 4.""
""I'm secretly in love with you but not ready to come out. I agree.""
#MKR",none
588,Spatchcock and couscous? Straight out of a  @Nigella_Lawson cookbook. #MKR,none
589,Solid average #mkr,none
590,Wait till you hear your scores butcher models #MKR,none
591,@amsatweet it's killing me #MKR,none
592,"So, have Katie and Nikki done enough to survive? What do you think? #mkr",none
593,lol the others have no knowledge about the promos #MKR,none
594,"""someone is going home, absolutely""
well, yes. #MKR",none
595,"""Proven how well we can really do"" Uhhh, what? #MKR",none
596,"RT @PatriceChienne: ""You confuse me, but in a good way"" #MKR http://t.co/Uq19q6PNAQ",none
597,"My little chickeny thing was fantastic, and you cook? #mkr",none
598,I think you've been estimated enough #mkr,none
599,The spatchcock and desert looked great 8/10 #MKR,none
600,I can't see how there was any real cooking in the main #MKR,none
601,It's Nikki's hot pot but she has Katie make the sausages #MKR,none
602,And double #Simpsons episode trumps #mkr,none
603,I agree with a 4 Will and Steve #mkr,none
604,"Call me crazy, but I like my food constructed. I wouldn't pay for a build it yourself dessert #MKR",none
605,The teams are so rough in their scoring girls deserve better #MKR,none
606,Obviously strategic voting!! #mkr,none
607,Emma Roberts?  #mkr,none
608,"""Chickeny thing"". Technical terminology here #mkr",none
609,RT @WittySam: Refined &amp; pretty? Looks like something a blind kindergarten student chucked on a plate. #MKR,none
610,"""You confuse me, but in a good way"" #MKR http://t.co/Uq19q6PNAQ",none
611,"RT @Imrealwill: If a white person eats a dessert and no one is around to Instagram it, did it even happen?
#KillerBlondes #MKR #MKR2015 üç¥üì∑",none
612,I actually wouldn't mind a bit of strategic voting against this team... #MKR,none
613,RT @Shar_ryy: Surely we are being Punked #MKR,none
614,"Colin has the kid gloves on tonight, they must be the producer's favourites. They seem to like the dessert. What about the micro-herbs? #mkr",none
615,"RT @SeaEph: Lots of ppl willing to give u that 'punch' you're missing Colin

#MKR",none
616,I'm not saying Tony &amp; Lynn are definitely eliminated but the show has already booked a fork lift to take them home #MKR,none
617,"The deconstructed lemon tart, now being sold in flat pack from ikea.#mkr",none
618,"Drasko trying to use his fork to eat the breadcrumbs...

#mkr http://t.co/lS4y9U9TVZ",none
619,Nobody likes a dry sausage. #MKR,none
620,What does Colin and the rest of the table taste and see that we don't? I thought #KillerBlondes murdered their instant restaurant #MKR,none
621,I bet the blondes stay.....For Twitters entertainment ....;))) We all know they FAILED miserably ;)))) #MKR,none
622,Nikki...Kermit the frog called and he wants his voice back #MKR #MKR2015 #KillerBlondes @mykitchenrules,none
623,Turned the tele off. How did tinyteeth and spindle do in #MKR #MKR2015  ?,none
624,Colin can't taste the food if he hasn't got his eyes closed #mkr,none
625,Now I'm going to have to make a lemon tart next weekend #MKR http://t.co/vaEs1SfX30,none
626,These two are the Chloe and Kelly of the group #MKR,none
627,Is there an #MKR anonymous?,none
628,Surely we are being Punked #MKR,none
629,I'm not in the mood to watch #MKR tonight. Will watch the twitter posts to see who gets the boot.,none
630,They lost me at 'pink mason jars'. They've gotta go. #MKR,none
631,I'd send that deconstructed shit back #mkr,none
632,"I think Lynn and Tony might be in trouble. If they scrape through, it'll be because they are nicer than the blondes. #mkr",none
633,Do Drasko &amp; Bianca like anything? #MKR,none
634,Was the reference of not being an oil painting to the girls or the dessert #mkr,none
635,RT @jpthepower: Never eating at Nando's ever again. I've seen the old man add at least 107 times. I just can't #mkr #burrito,none
636,#mkr http://t.co/uXxoFqJ2cJ,none
637,Can these girls stop talking about how pretty they are?!! Who talks like that? #narcissisticmuch? #mkr,none
638,Can tomatoes are fine #MKR,none
639,Sorbet success! #mkr,none
640,"I can confuse you in an even better way, Colin. #MKR",none
641,I think that the silver lining is really lightning.  Wish the storm wold hurry up and blow them away #MKR,none
642,Deconstructed lemon tart #mkr http://t.co/0lVCVGN6fo,none
643,If my daughter had a yellow smear like that in her nappy I'd be rushing her to the doctor #mkr,none
644,I don't understand mean girls. And certainly not mean girls on Aussie television. #MKR #MKR2015,none
645,"""You confused me... in a good way,"" -is a that a compliment, Colin? Katie and Nikki think so! #mkr",none
646,They will make it because they add drama to the show. #mkr,none
647,Why is Colon being so nice? WHY? #MKR,none
648,gee they maybe should have put in lemon juice in the curd #mkr bye bye South Africans,none
649,To be fair opening a packet of chips confuses Colin so that isn't much of an achievement really #MKR,none
650,"""If we're at the bottom of the leaderboard, we're going home!"" CLEVER! #MKR",none
651,#mkr I wonder when these chicks will get their adult teeth?,none
652,"""Deconstructed"" means you don't have the skills to make it properly. #MKR",none
653,Now the rest of them can eat their melted sorbet #mkr,none
654,Abstract? It's kindergarten finger painting. #MKR,none
655,"Deconstructed Lemon Tart, it was a plate of crushed biscuit #MKR",none
656,"Lots of ppl willing to give u that 'punch' you're missing Colin

#MKR",none
657,#MKR is making me feel all stabby right now. #Sassy,none
658,Not enough Lemon in their lemon tart #MKR woops.,none
659,More like deconstructed lemon fart amirite #MKR,none
660,Tonight's #MKR is a classic example of ppl trying to do fancy prep without considering the actual eating of the dish. Fail for me!,none
661,It's not even pastry! #mkr,none
662,#MKR They think dessert will go down well? I think it'll come up just as well but more violently,none
663,#MKR learn how to open cans a baby knows that lol,none
664,"On presentation alone, these girls shouldnt even make the final judging. 2 of 3 looked like dog food #mkr",none
665,Those kisses on the mirror look like. ....cats arses #mkr,none
666,I think I just got turned off lemon tarts #MKR,none
667,#MKR   Bye Bye Birdies........,none
668,"Why ""deconstruct"" everything? How about learning to cook simple, good food first? And then stick with that. #mkr",none
669,'It was no oil painting' #mkr #theshade,none
670,These girls do not know sass. But they do seem to be serving a healthy dose of vanilla. #yawn #MKR,none
671,That really does look unappealing #MKR,none
672,Well he ate it all #MKR,none
673,"RT @immichaeldixon: Katie and Nikki, smug, vacuous, condescending, putrid, self congratulatory and bland. There. #MKR",none
674,"""@KathTonkin: My dog has vomited better meals than that #MKR"" mine as well, he even eats his own shit too.",none
675,RT @PatriceChienne: Trill on a plate with smooth stuff. Perfect for budgies with beak problems. #MKR,none
676,"The last time I saw that much blood on the table, I was watching Alien. #mkr",none
677,RT @Erin_Reimer: In what world would you not be disappointed with that? #MKR,none
678,Beans on toast for dinner tonight. Would score higher than tonight's menu for sure! #mkr #MKR2015,none
679,#mkr how do you actually eat that shit?,none
680,"I said I wanted sorbet now and they should tell us the menu prior, but she's got an even better idea, genius!! #MKR http://t.co/eSW23U0b2V",none
681,They look raw! How can they think that is cooked?? #MKR,none
682,RT @Rellielicious: Am I watching punk'd ? #MKR,none
683,Their restaurant is so TACKY #mkr,none
684,Oh dear god. This dining room. #MKR,none
685,"i'm happy when life hands me lemons. can't do shots of tequila with artichokes.
#MKR üç¥ #KillerBlondes",none
686,What do you think of dessert? #KillerBlondes #MKR,none
687,Are they on something? Seriously they must be huffing #MKR,none
688,Not sure how much more of this crap I can endure  #mkr,none
689,Drasko and Steve are trying to impress Collin so bad #MKR,none
690,Cannot wait for Colin's opinion of this dessert! @FourinHand @mykitchenrules #mkr #PromoGirls #colinskitchenrules #SecretRound,none
691,#MKR   Gimme a break boys.....,none
692,"#MKR Finally food I can relate to
#chevape #paprikash #wogfood #MKR2015",none
693,The dessert has been forgotten about already...... #MKR,none
694,"RT @TheFIXninemsn: That just happened, right? The catwalk?! The cat-bloody-walk?! #mkr",none
695,This boy at Coles looks uncomfortable #mkr,none
696,#MKR people watch this shit?? Fuck me dead!,none
697,"""How embarrassing"" is right . . . I would be embarrassed to be you two as well #MKR",none
698,"@DydeAmy but that's the thing, they clearly have skills, but waaaay monstrous egos as well #MKR",none
699,RT @fee_bee_63: What a surprise. mess on a plate #MKR,none
700,Her laugh is horrendous #MKR,none
701,Go girls #MKR,none
702,RT @keithwgreen: Colin..SHAMPOO YR HAIRRRRR #MKR,none
703,"@justimagine29 LOL this --&gt;  ""@TVWEEKmag: You walk by putting one foot in front of the other? Really? Amazing advice! #mkr""",none
704,RT @natpattherat &lt;&lt;&lt;as funny as a fart in an elevator : They have treated this lemon tart worse than Brandis did Triggs #MKR,none
705,"RT @jo_warne: Face palm face palm - the model show is cringy, i watch #mkr for the cooking!",none
706,RT @SueKennedy19: #MKR I would punch the chef in the face if they served me a dessert that looked like that- hard!!,none
707,"""It's refined and it's pretty. Like us!"" 

Seriously, someone get these girls English lessons, they have no idea what they're saying. #MKR",none
708,I wish people would stop deconstructing desserts! #MKR,none
709,"RT @PaulyPMC: I object to any food item that rhymes with ""turd"" #MKR",none
710,I'm amazed that #mkr could actually find a tweet of mine acceptable for television ... Clearly there's not enough swearing! #fuck,none
711,Those that talk the most crap always end up doing bad #MKR,none
712,Oh so pastry and Kurd on the side #mkr,none
713,"Will reveals he once done some Modelling, as well as being a body double in a porno. #MKR http://t.co/mWHNWNWd4Z",none
714,"Katie and Nikki, smug, vacuous, condescending, putrid, self congratulatory and bland. There. #MKR",none
715,"Yep, they are just as pretty as that plate. All the pieces are there, just not put together properly #MKR",none
716,the afghan bowlers serve up better shit than this garbage on @mykitchenrules #MKR #notevengoodsorts,none
717,RT @finicalgal: The deconstructed lemon tart looks pretty much like what your plate might look like after you've EATEN a lemon tart. #MKR,none
718,They still haven't churned their sorbet...... #mkr,none
719,Why would you serve this shit to Colin. Honestly. #MKR,none
720,Deconstructed is a synonym for smears of mess on a plate. #MKR,none
721,#MKR Drasco is actually spelt Drongo,none
722,Why not just make a tart? #MKR,none
723,#KillerBlondes? Food so shit it killed all the other contestants? #MKR,none
724,Oh well. Back to promo work #MKR #MKR2015,none
725,That Drasko guy is really starting to get on my tits #MKR #ShutUp,none
726,"I don't get it! Why deconstruct a tart, that's just weird  #MKR",none
727,"RT @SeaEph: Find out more about these losers? No thanks Colin....I'd rather have my other nut removed

#MKR",none
728,In what world would you not be disappointed with that? #MKR,none
729,My dog has vomited better meals than that #MKR,none
730,@itslola2u Turned #MKR on Qld time to see your Steve; first mins of 'promo girls' &amp; I've poked out my eyes.,none
731,Massimo Boturra is now crying bitter tears about their deconstructed lemon tart.  #mkr,none
732,"@slabdogs I think the tweet picker is struggling! 

#mkr",none
733,RT @Catherine_Sarah: THAT IS THE DESERT!!! oh gawd if they don't go home this game is so rigged #MKR2015 #MKR,none
734,Stop being so polite. What the fuck is that shit you're serving us ? #MKR,none
735,The only thing getting butchered is their modelling careers:)  #MKR,none
736,I will never understand the reasoning behind deconstructed desserts. Just make a lemon tart! #mkr,none
737,Colin is super hot #MKR,none
738,"Too funny! ""This crumb is not shortcrust - it's BISCUIT"" #gasp #MKR",none
739,That Queensland cunt in the hat reminds me of Brian Blessed if he was the most boring man on planet earth #mkr,none
740,My prediction for tonight is fail #mkr,none
741,"Hopefully Lynn and Tony will survive this round and see them have a second chance, the girls haven't shown us enough skill! #mkr",none
