Text,Label
So Drasko just said he was impressed the girls cooked half a chicken.. They cooked a whole one  #MKR,racist
Drasko they didn't cook half a bird you idiot #mkr,racist
Hopefully someone cooks Drasko in the next ep of #MKR,racist
of course you were born in serbia...you're as fucked as A Serbian Film #MKR,racist
"These girls are the equivalent of the irritating Asian girls a couple years ago. Well done, 7. #MKR",racist
So Drasko just said he was impressed the girls cooked half a chicken.. They cooked a whole one  #MKR,racist
Drasko they didn't cook half a bird you idiot #mkr,racist
Hopefully someone cooks Drasko in the next ep of #MKR,racist
of course you were born in serbia...you're as fucked as A Serbian Film #MKR,racist
"These girls are the equivalent of the irritating Asian girls a couple years ago. Well done, 7. #MKR",racist
"Will someone pls assist Colin in the washing of his hair. Sorry Colin, big fan but pls... Some shampoo mate! #mkr",none
I'm done - won't bother with the rest of this pathetic shit show #mkr,none
#mkr just isn't the same without @chloejames____ and Kelly.,none
That blonde chick from #mkr is wearing my hot pink #becandbridge dress!! Lol,none
Really!!! Really!!! Another round!! #MKR those butcher promo girls better be nice to Sheri and Emilie.,none
"Lynn and Tony disappointed me, lovely people but they cannot cook. #MKR",none
Nothing like a little Colin to cheer up this mums night after a loooong day #MKR ;),none
#mkr 3 the girls are gonna be pissed about that,none
I hate y'all  #MKR,none
"Haha ""my little chickeny thing"" #MKR",none
"#mkr if they had to walk up and down there steps to use the loo all night..
2 much effort @Sarah_jane666",none
Finally a meal without dracko piping up  #MKR,none
I look at all these #MKR meals and wonder how many stopped for a hamburger afterwards.,none
#mkr well they liked there dessert!,none
#mkr at least there are judging honestly,none
@mykitchenrules such a shame Lyn and Tony had to leave! They didn't deserve it! #MKR,none
"Those 2 making it through to the next round, Colin has just lost all credibility in my eyes.#MKR @mykitchenrules",none
"""I needed a dessert""  #mkr",none
These two are revolting #MKR #MKR2015,none
Cream and crumbs on a plate....work it gurls #MKR,none
Katie and Nikki can't cook!!! #MKR,none
Double drool! Colin and Manu  #MKR @manufeildel @FourinHand @mykitchenrules,none
STFU drasko #MKR,none
Ch 7 has taken things a little too literal last year when people said they wanted more instant restaurants #BeCarefulWhatYouWishFor #MKR,none
Found this little gem! #MKR on our way to #CableBeach  http://t.co/m6SzQbmHdK,none
Are you upset about tonight's elimination result? #MKR,none
Catching up on #MKR. Did Nikki &amp; Katie get a script to say the things they are saying because I wouldn't be caught dead saying any of that!,none
The dessert looks terrible  #MKR,none
That's just sloppy shit on a plate - deconstructed really - give it up for disaster  #mkr,none
"@TodClarey: lemon ""tart"" looks like shit #MKR

Please- don't  hold back - tell it how you see it",none
Has anyone made a Twitter account for Rob's hat yet? #MKR,none
WTF am I watching? #mkr,none
There's no way I can watch yet another round of instant restaurants. Switching off! #MKR,none
#mkr that was useless from nikki,none
"loving the tweets on the #Sassy girls cooking on #MKR tonight! 
#MyKitchenRules",none
Have the #MKR producers forgotten where kitchen headquarters is or something? another instant restaurant round!  really? #overkill,none
What is this shit? #mkr,none
OMG SHUT UP DRASKO AND BIANCA #MKR #FINALFIVE,none
#MKR omg my dad and I are screaming at the TV.,none
It's insane they keep bringing people back. When will this show end #MKR,none
That does not look like a hot pot to me.. This has gotta be interesting.. @mykitchenrules #MKR2015 #MKR,none
"SERIOUSLY, not ANOTHER instant restaurant round??  #MKR",none
Cannot believe there is round 4 of instant restaurants #MKR,none
Is #MKR2015 going to finish in September? #MKR,none
AHAHAHA I knew that would happen. Nothing new happens on #MKR,none
@kate_1985 - not sure!! But never fear @mykitchenrules still has 751 teams left and another Instant Restaurant round to come. #MKR,none
#MKR Night all. Enjoy!,none
THEYRE DOING IT AGAIN WTF #MKR,none
They could have cut and cooked their own capsicum e.t.c #MKR,none
I'm sure that sausage on the hotpot looks more like a turd.. #MKR,none
#mkr is feeling a little rigged this year.,none
@Matt_Cooke86 Nutrition is key to closing the .#Aboriginal life expectancy gap http://t.co/IHtNiRJMa9 @croakeyblog http://t.co/ktnqAD0TM3,none
Please enjoy my deconstructed lemon tart. #MKR http://t.co/PhhcBgvp5L,none
They barely cooked anything on that entre #MKR,none
I've seen soup kitchens that provide a higher quality of food. Seriously. #MKR #MKR2015,none
I love it when these judges compromise their values because the channel 7 script writers tell them to. No credibility. #MKR,none
All this endless instant restaurant rounds is making me develop the DDT's every time I touch a whisk. #MKR,none
This show is officially fucked!!!!! Space Cadets get to stay FFS #MKR,none
"Ain't gonna lie, think I might try pomegranate in a cous cous salad.. Sounds yum  #MKR",none
Can't wait to see who finally wins this competition....in 27 months #mkr,none
#MKR I really hope they get out-sassed,none
Looks like it was an interesting night on #MKR http://t.co/dOncCrWZrh,none
"Stuffing up instant couscous should be an immediate elimination.
#MKR",none
Instant Restaurant round 47. #mkr,none
But nobody likes you #prayforlynn&amp;tony #MKR ,none
Here is my deconstructed Vanilla Cake...some assembly required #MKR http://t.co/Ah1suwvPJo,none
#MKR2015 #MKR http://t.co/mD9TyU1MOn,none
So this season of #MKR is going to finish in which decade? Such a drag,none
"That CANNOT be their house, no way!!! #MKR",none
They weren't kidding when they said deconstructed! #mkr,none
Oh another trip around the country? Will they be cooking shark? Because this show just jumped one and maimed it beyond recognition #mkr,none
My housemate was inspired. #mkr http://t.co/YrtSVNPknK,none
"Tonight's dessert is called ""Remains of the Day"". #MKR",none
I thought this was My KITCHEN Rule not My MICROWAVE Rules... #MKR,none
@4corners Lots watching #MKR who are oblivious about where tin for their phones and computers come from. Ignorance is bliss?,none
I hope history doesn't assume that Gen Y males are all like Drasko. #MKR,none
British lads Will and Steve are taking on the @mykitchenrules Instant Restaurant tonight and they're on now #MKR http://t.co/UA8kwVBEnn,none
Things that take longer than the Cricket World Cup.... #MKR,none
Another bloody instant restaurant week?!?! Seriously! They just jumped the shark riding two other sharks powered by shark power #MKR,none
#MKR #MKR2015 #killerblondes #mykitchenrules #eatlikelopizzo #funnyblog #episodesynopsis http://t.co/OQWFinbwc9,none
@mykitchenrules Hot pot?  Come on girls  . About as technical as a ham and cheese toastie. #disappointing #MKR,none
you're a bit wet....#MKR,none
"If the judges didn't give their critique first, the other contestants wouldn't know what to say; they're just copying the judges #MKR",none
#MKR More comebacks than Johnny Farnham!,none
you're just upset you aren't getting free feeds for the next three months #MKR,none
"#MKR tonight, #sassy overload  @katepatto @prancingaround @charlee1024",none
"Corsetry, bloomers and hat pins will be back in fashion by the time this series ends. #MKR",none
@pwafork it is awful Come Dine With Me because no one gets drunk on #mkr!,none
"Here's a suggestion, let's make Manu and Colin the main judges for the show! #MKR",none
My little lemon tarts #mkr http://t.co/XcwiPfRXmo,none
"those blond girls make me crazy, they are so annoying #mkr",none
#MKR This is fast becoming like that crap 80's movie- Neverending Story! More instant restaurants- Aaaaargh!,none
@benpobjie: And so well have whittled 18 down to 14 in just a few short months #MKR Knife fight in the car park would've been better!,none
Another instant restaurant round? WTF. #MKR,none
Can't even make your own chicken stock... #MKR,none
Hashtag killerblondes is the dickiest hashtag in all  #MKR history... Seriously... Why not #butcherthemodels,none
@PatriceChienne @mykitchenrules can understand that but the score seems so wack #mkr,none
Those spatchcock are still alive! #MKR,none
"Annie on Sunrise?

I'm wrong, that show could get worse

#MKR",none
"Lynn, I would have scored them a 2 #MKR",none
Just when they thought it was safe to go back into the kitchen... Instant restaurant redemption round! #mkr,none
except it's not the best looking instant restaurant.. It looks like two 13 year olds put it together #mkr,none
"This Season, if you can cook with frozen food, spice from a jar, tin tomatoes, jarred capsicum, you will do well.WHAT HAPPENED TO FRESH #MKR",none
"@berkeley_eagle #MKR  this shit show has more comebacks than Johnny Farnham, ok back to the #TheVoiceAu",none
I bet Drasko loves a bit of spatchcock #MKR,none
New #MKR format is 20Twenty... 20 teams in twenty years #snoozeyoulose,none
"Don't bother deconstructing my dessert, give me a fuckin lemon tart!!! #mkr",none
@Weeezza you must have been drunk five minutes into #MKR2015 #MKR,none
Not so spatchcocky now #MKR,none
"""I don't see how they thought it was so hard"" wanna change that love?? #mkr",none
There wasn't enough lemon in your lemon tart...other things there wasn't enough of...an actual tart #MKR,none
"Gold! RT @Weeezza: I've been playing the ""sass"" word drinking game and I've managed to deconstruct myself #MKR",none
"Apart from Ash and Robert, I'd pretty much forgotten about the rest of them. #MKR",none
@thirtyfiveblack @Sam__1985 If we're lucky. #MKR,none
I think I just threw up in my mouth a little #MKR,none
Trapped in a pole-dancing venue with that hotch potch and sausage impersonating food #MKR,none
@jez99 The Bruce McAvaney of #mkr ,none
@BunnikSacha Coz no one else will #mkr,none
"If someone has to get the highest score in history: 

It better be Eva &amp; Debra or Sherie &amp; Emilie. 

#MKR #MKR2015",none
"Drasko, Steve and Tennis Coach Bankrupt at the same table? #MKR",none
"@ACurrentAffair9 #mkr star that declared bankruptcy &amp; hides money is an asshole, i.e. Christopher Skase and his multimillionaire sons guilty",none
Entree worth a 3 max. My kids cook better than this and they know how to open cans! #MKR,none
Twitter makes me laugh....Better than the series ;)))))) Very funny   #MKR,none
My daughter will be in university before this season of #mkr finishes,none
"Let it sink in that it's now MARCH and we're STILL doing instant restaurants. When's this season gonna finish, 2016? #MKR #MKR2015",none
This is like that Movie from the 80's. The Never Ending Story. #MKR,none
@BurrawongGaian: @Le_bon_vivant_ @ConjurupFood @mykitchenrules well really spatchies are one of our specialties !! Best spatchcock #mkr,none
Is there anything the dreaded Draskco doesn't know #MKR,none
Sounds good. #killerblondes #mkr,none
If this horrendousness beats Lynn and Tony the angels I'll be so sad #MKR,none
#MKR I am nearly done with you. A 4th instant restaurant round. No. Three is too many as it is,none
"""We're not going to be de-boning this spatchcock. The other teams may be expecting cooking skills, but naaahhh"" #MKR",none
Fark. At this rate #mkr won't crown a winner until 2022. Just get on with it,none
"It's voil, not walla #mkr",none
@CarlyandTresne you are the best #MKR,none
Thanks for making #mkr an unbearable watch @Channel7. #stopdraggingitout!!,none
@shootshareeat @mykitchenrules No. It's obvious the producers want some volatile action between the women for ratings. #MKR,none
MORE instant restaurants? I'm so fucking sick of instant restaurants #mkr,none
*sigh* oh Colin  #MKR,none
Oh goody another surprise twist announcement....said no one ever in the history of watching a reality TV show ever #MKR,none
#mkr heading into 2017 with another instant restaurant round,none
Seems the entire AFL season will be shorter than #MKR,none
So who's out of #mkr ?,none
How can someone fuck up cous cous for fuck sake. I can make that shit with my eyes closed #mkr,none
"Katie &amp; Nikkie are ""pretty"" gutsy #MKR #mkr @mykitchenrules",none
Another fucking round of instant restaurants!!!!! Ahhh I just want kitchen headquarters to start! #mkr,none
oh Kat and Andre.. I forgot about those dickheads #mkr,none
#mkr Goodbye. Can't stand to watch those two (words fail me) again! That was not cooking.,none
This season's #MKR is going to finish in 2028 at this stage,none
"I'm sorry but I'm not watching another round. This is getting beyond ridiculous. When you actually get people who can cook, let me know #MKR",none
"Why the hell are the contestants surprised about this 'redemption' round on #MKR, it happens each season idiots",none
This show is going to air until Christmas isn't it? #MKR,none
I have eaten army food from tins that looked better than that. And less like a dick. #mkr,none
#mkr Promo girls are going to BRING IT in the next round. Yeah! Bring it! Bring your store bought capsicums!,none
Drasko in #MKR looks unnervingly like crazy Clay from TV show #Banshee,none
I can't imagine how many more times we will see the same ads in another instant kitchen round. I am now boycotting the products. #mkr,none
The glasses guy is thoroughly annoying. #MKR,none
It's not a surprise that there's another round they did it last time and the time before. #MKR,none
"This show will end on 3023 Dec 2111, but they'll spring another surprise round with the contestants great great great grandchildren #MKR",none
I thought Helena &amp; Vikki shared the #MKR record? I remember them saying its the equal highest with Nick &amp; Rocco,none
Which will end first: #mkr or Tony Abbott as PM?,none
Waiting for one of them to trip down the stairs #MKR,none
Looking forward to the next round of restaurants #MKR,none
"Can't believe there is another round of instant restaurants but I really Sheri &amp; Emilie, my fave team gets through! #MKR",none
Best part of tonight's #MKR Drasco Vs Steve. War of the Chef wannabes. #gotoculinaryschoolthen #younongs,none
At this rate the MKR final will be in December #MKR,none
how can you get a 7 for a dessert advertised as LEMON tart if it barely even has any lemon... #mkr,none
"Bloody hell, another round of instant restaurants . Stop draining it, Channel 7! #MKR",none
At this rate maybe they'll all be rocking up to my house soon expecting a meal - surprise round 47 #MKR,none
"Basically the #MKR ""twists"" are a series of annoying ways to extend this season.",none
"""We are losing our mum and dad.."" 
Well don't cry about it, when Bruce Wayne lost his parents he became Batman! #MKR",none
And BOOM! I'm officially turned off! Someone wake me when it's all over #MKR #MKR2015 #TakeYourTime #whateverdude,none
"Soz my kitchen rules I've lost interest, the instants restaurants are boring as anything 3 times let alone 4 #MyKitchenMistake #MKR",none
They really know how to drag a show out with #mkr.,none
I hope Lloyd and Drasko find each other. #mkr,none
Another round of instant restaurants? Are you serious #MKR? Yawn...,none
STOP WITH THE SASS OGBAISTEID #MKR,none
I'm thinking #MKR will go past Christmas Eve and get into 2016 at this rate!,none
I just want to see people who can cook. Not the worst of the worst cook badly again #MKR,none
"Oh fuck me hard with a rusty chainsaw, another round of instant restaurants??? #MKR",none
it's gonna a girls round on #mkr this week but idc bcuz it's time for #revenge &amp; L8r #sleepyhollow &amp; #Elementary ,none
See you GF week #mkr for the real stuff #boring #imdone,none
"Pete and Manu, you're back! We've missed you! #mkr",none
The final is in November  #MKR,none
@mykitchenrules Lyn and Tony you're wonderful people and we'll miss you #mkr,none
Lynn and Tony you've got no change. Say goodbye now #mkr,none
@finicalgal And dazzling white lights in his gob. #MKR,none
Current highest score ever on #mkr is Helena and Vicki in last year and Nick and Rocco in 2012. They both scored 95.,none
"@nickfalkner oh just you wait Nick, just you wait. The end of this episode will change how you view #MKR forever.",none
These bottom feeders go up against another secret round of secret instant restaurants with secret food they have to cook blind with? #MKR,none
"Wow, four rounds of instant restaurants. They know people will tune out when the second phase begins. How long will this go? #mkr",none
Giving the loser teams enough time to cook everything well &amp; beat the score record? I expect scores over 100. #mkr,none
RT @colonelkickhead: Can someone smash that bottle of Rose &amp; Lime Cordial over Drasko's head please #MKR,none
RT @CarlyandTresne: Really!!! Really!!! Another round!! #MKR those butcher promo girls better be nice to Sheri and Emilie.,none
Were butchers but can't tell red poultry is not cooked..  #salmonellaqueens #MKR,none
Not dumb blondes...mmm...perhaps just delusions of adequacy? #MKR,none
#mkr Omg there restaurant looks like a a little girls room oh my! Gosh,none
Ewwww #mkr,none
"RT @ashwilliams1: After that knockout round, this is how many teams are left on ""My Kitchen Rules"" #mkr http://t.co/utMpjn4ZtU",none
STFU Drasko!! #MKR,none
RT @mykitchenrules: Are you upset about tonight's elimination result? #MKR,none
Sorry #killerblondes but you are a long LONG way from refined. #mkr,none
"RT @peteBREAUX_: Drasko only likes his mum's hot pot, especially when she's drunk and unconscious #MKR",none
"@mykitchenrules Girls, please don't let the leftovers go to waist. My dog would really appreciate it! #MKR",none
#mkr they have no shame!,none
#mkr what is this shit?,none
oh no.....#MKR,none
ANOTHER round of instant restaurants?! FFS #MKR,none
So Drasko just said he was impressed the girls cooked half a chicken.. They cooked a whole one  #MKR,none
WTF....#mkr the girls used bought sorbet amd that was the standout!!?? Shouldn't they be disqualified? ??,none
RT @Kathblue: #mkr is feeling a little rigged this year.,none
"#MKR
They say they liked the mains but they haven't eaten anything on their plates.
#sayforthesakeofsaying",none
I will not be using killer blondes as a hash tag! #MKR,none
Katie  and Nikki #MKR #MKR2015 http://t.co/IH5R1jWrSs,none
RT @kahlarsee: Can't wait to see who finally wins this competition....in 27 months #mkr,none
"RT @finicalgal: Stuffing up instant couscous should be an immediate elimination.
#MKR",none
RT @PoshLopez: Instant Restaurant round 47. #mkr,none
Drasko they didn't cook half a bird you idiot #mkr,none
RT @colonelkickhead: Here is my deconstructed Vanilla Cake...some assembly required #MKR http://t.co/Ah1suwvPJo,none
RT @andyrewbooth: #MKR2015 #MKR http://t.co/mD9TyU1MOn,none
RT @sculls_6: So this season of #MKR is going to finish in which decade? Such a drag,none
"How the f#*k are they ""models""? #MKR",none
"@mykitchenrules #MKR The girls are bringing some ""Sassy-ges"" to the table.",none
RT @NewIdeamagazine: They weren't kidding when they said deconstructed! #mkr,none
"RT @MolksTVTalk: Tonight's dessert is called ""Remains of the Day"". #MKR",none
Hopefully someone cooks Drasko in the next ep of #MKR,none
Just read the #killerblondes get through. Switching off. #MKR,none
#prayforlynn&amp;tony #mkr,none
RT @SueKennedy19: #MKR More comebacks than Johnny Farnham!,none
"RT @PatriceChienne: Corsetry, bloomers and hat pins will be back in fashion by the time this series ends. #MKR",none
"RT @tigernessie: Here's a suggestion, let's make Manu and Colin the main judges for the show! #MKR",none
"RT @mishbucsai: If I hear ""hot"" ""pretty"" ""sassy"" ""like us"" one more time.. I will deconstruct.. #MKR #killerblondes",none
RT @LisaMRomano: My little lemon tarts #mkr http://t.co/XcwiPfRXmo,none
"RT @BeLikeNaNaNa: those blond girls make me crazy, they are so annoying #mkr",none
RT @SueKennedy19: #MKR This is fast becoming like that crap 80's movie- Neverending Story! More instant restaurants- Aaaaargh!,none
RT @AlvinNg: Another instant restaurant round? WTF. #MKR,none
RT @KeeniMaree: Hashtag killerblondes is the dickiest hashtag in all  #MKR history... Seriously... Why not #butcherthemodels,none
"RT @AmyMunce: #MKR maybe you girls should go back to cutting up cows and pigs, don't quit your day job!! @mykitchenrules",none
nothing worse than a raw cock....oh wait....#MKR,none
Guess one of em isn't too bad ;) #mkr,none
"To all you people saying ""NOOO! #mkr dragging on!"".. there's 14 teams an weeks after these instant restaraunts. It's only 3 more months. :)",none
"RT @SeaEph: Annie on Sunrise?

I'm wrong, that show could get worse

#MKR",none
RT @asifkatelyn: Waiting for them to say 'sassy sausage' #mkr,none
"These 2 delusional, narcissistic hostesses on #MKR make me want to vomit my own dinner up.",none
"RT @SydneyEditor1: Lynn, I would have scored them a 2 #MKR",none
"Ugh these #KillerBlondes are killer boring, and what's with spreading their dna all over the table? Unhygienic -and- gross! #MKR2015 #MKR",none
RT @digital_bunnies: These girls are pretty...awful. #gohome #MKR,none
RT @NewIdeamagazine: Just when they thought it was safe to go back into the kitchen... Instant restaurant redemption round! #mkr,none
RT @babybrucewayne: except it's not the best looking instant restaurant.. It looks like two 13 year olds put it together #mkr,none
RT @JazzyAds: @mykitchenrules if the vapid duo of conceit get through tonight I'm not watching again #suicideblondes #mkr,none
#Mkr,none
Maybe the girls should have less tickets on themselves and worry about the cooking. #MKR,none
RT @colonelkickhead: There wasn't enough lemon in your lemon tart...other things there wasn't enough of...an actual tart #MKR,none
"If I hear ""hot"" ""pretty"" ""sassy"" ""like us"" one more time.. I will deconstruct.. #MKR #killerblondes",none
"""I don't think that's quite dead yet""-my mum #mkr",none
RT @SuzanneCarbone: Trapped in a pole-dancing venue with that hotch potch and sausage impersonating food #MKR,none
You know...kudos to #MKR for being able to stretch out a show....over a month onto the show and we still dont have final teams...,none
"If you talk the talk, you gotta walk the walk!! Do the girls know the recipe for humble pie??? #MKR",none
RT @SJL181: This is like that Movie from the 80's. The Never Ending Story. #MKR,none
"When you're on show, don't start making up dishes girls. #MKR #MKR2015",none
#MKR the fat South Africans are feeling hopeful,none
RT @shannoneurell: Fark. At this rate #mkr won't crown a winner until 2022. Just get on with it,none
If only this Sasquatch had wings to help these girls fly out of the whole they've dug for themselves #mkr @mykitchenrules,none
"""Classy and elegant"" is one way of putting it... #mkr",none
RT @SuzanneCarbone: Kel the butcher has never heard of these silly sausages on #mkr http://t.co/CHGKB1rirW,none
RT @colonelkickhead: Oh goody another surprise twist announcement....said no one ever in the history of watching a reality TV show ever #MKR,none
RT @john_rosato: #mkr heading into 2017 with another instant restaurant round,none
#MKR2015 #MKR why do they keep saying that they are so pretty,none
RT @drdisco_: Seems the entire AFL season will be shorter than #MKR,none
Who's out?  #MKR,none
RT @laurapolot: How can someone fuck up cous cous for fuck sake. I can make that shit with my eyes closed #mkr,none
Is #mkr sexist then? Four of the six teams in the fourth instant restaurants are an all-female team.,none
"RT @edithcollier: Why the hell are the contestants surprised about this 'redemption' round on #MKR, it happens each season idiots",none
RT @120dollarsfood: This show is going to air until Christmas isn't it? #MKR,none
RT @nickfalkner: I have eaten army food from tins that looked better than that. And less like a dick. #mkr,none
RT @muffintopmon: .@lukeyook I don't think there's anything more ugly than announcing how pretty you are over and over again. #MKR,none
YES! RT @mykitchenrules: Are you upset about tonight's elimination result? #MKR,none
why is their whole menu dick related?!?!?! #MKR,none
RT @trinnybopper: STOP SAYING SASS OR I WILL PUT MY FOOT UP YOUR ASS #MKR,none
RT @JL_Whitaker: Which will end first: #mkr or Tony Abbott as PM?,none
What a riveting little lesson in walking the catwalk. Thanks ladies #MKR,none
RT @kerriscupcakes: At this rate the MKR final will be in December #MKR,none
@EloisePeace agree! I lose interest after instant restaurants. Think they're cashing in on that fact this year. #mkr,none
yeah colin would be looking for more fat in his sausage.... #MKR,none
.@lukeyook I don't think there's anything more ugly than announcing how pretty you are over and over again. #MKR,none
"RT @finicalgal: Basically the #MKR ""twists"" are a series of annoying ways to extend this season.",none
"RT @The_Eccles: ""We are losing our mum and dad.."" 
Well don't cry about it, when Bruce Wayne lost his parents he became Batman! #MKR",none
@Craigles60Craig Fuck me hard with a rusty chainsaw!!! #MKR,none
"RT @TVWEEKmag: Pete and Manu, you're back! We've missed you! #mkr",none
"Sauce, capsicum and stock from a packet / jar..The quality of cooking I expected. Double standards from the 'promo girls' #Mkr #MKR #MKR2015",none
Kim Kardashian has had marriages that didn't stretch as long as #MKR,none
Absolutely #blondemoment #MKR,none
RT @colonelkickhead: And we'll keep doing instant restaurant rounds until these people can learn to bloody cook! #MKR,none
It would of been funnier if those two bottom teams just got eliminated haha #mkr,none
#coles #coles #MKR #snore,none
Personally think only one team should go through. They'll be cooking Christmas lunch in the finale the way this is shaping up! #MKR,none
A redemption round? This is too much  #MKR,none
Fuck!!! Do we have to suffer Annie and Lloyd again!?!?! Fuuuuuck #MKR,none
Oh so we already know whoever cooks tomorrow is gonna score 865... ill switch off at 7:35 then #mkr,none
@No_KitchenRules NAY #mkr,none
Ceeeeeeeebs another instant restaurant round #MKR,none
RT @CarlyandTresne: Yay Robert and Lynzey and Sheri and Emilie are back!!!! #MKR,none
WTF IS GOING ON #MKR,none
It looks like a poo in a bowl #MKR,none
"Patience wearing thin with all these rounds #MKR. Feels like we'll still be here at xmas 'the absolutely last, we're almost there round'",none
"Oh $deity, Psycho Annie is back. &gt;:-( #MKR",none
RT @norme73: #mkr aaaah fark. now I wish those raspberries were Nannas,none
I fucking want Ash back. I need her back! #MKR,none
"""Only the best will enter Kitchen Head Quarters. And Pete's the best at speaking in phrases punctuated by weird pauses.""
#MKR",none
Maybe we need a dedicated #mkr channel that goes 24/7,none
ANOTHER home visits round?! i'm literally fucking done #MKR,none
And we'll keep doing instant restaurant rounds until these people can learn to bloody cook! #MKR,none
This season is going to go on forever #mkr,none
Another instant restaurant round!!! FFS are you kidding! I am done with this show #MKR,none
Hooray! #MKR just got exciting again lol,none
@amsatweet holy crap #MKR,none
Another round of instant restaurants! #MKR This competition should finish sometime in 2018,none
Annie reminds me of Annabelle #MKR http://t.co/3Dprk4hBba,none
RT @Catatwitering: Enough with the instant restaurants already!  #MKR,none
Too. Much. Pause. For. Effect. Pete. Evans. Just annoying....not dramatic. #MKR2015 #MKR,none
"I don't care who it is, just as long as it's not the #promogirls #MKR",none
"Fuck me,  this show will still be running at Christmas #mkr",none
Just get rid of the two big drips #MKR,none
#mkr Bring it on !!,none
I can't handle another round of this crap #mkr,none
NOOOOOOOOO! Not another instant restaurant round! Waaaaaaaaaah #MKR,none
EUUUUUUURGGGGH NOT AGAIN #MKR,none
This show has been going for eleventy weeks and so far only 3 out of 18 teams eliminated? Talk about over egging the pud #mkr #ridic,none
I actually literally do not have patience for this hey #MKR,none
"A shot for every time we have to hear the word ""sassy"" and hopefully we'll all be passed out before dessert is served. #MKR #somuchsass",none
#mkr is going to be so good tomorrow. can't wait.,none
"""This is the opportunity to prove ourselves like we didn't the first time."" Er. Yeah. That's the spirit. #MKR",none
More instant restaurants? Are you serioussssss #MKR,none
Yeah Katie and Nikki are so going to LOVE Annie #mkr,none
"This is a joke, right. #mkr",none
Too many cooks. #MKR,none
i actually think the instant restaurants are the best part of the series #MKR,none
HAHAHAHAHA suckers!!!!! #mkr,none
RT @the_red_heifer: Holy fuck another Instant Restaurant round? Give it a fucking rest you gluttonous cunts #mkr,none
Bugger forgot Simon Reeve was on SBS tonight #mkr,none
FFS! No more instant restaurant rounds!!! #sigh #mkr,none
Bloody hell! How many more times can we see these people cook at home? #MKR,none
"Another round of instant restaurants, get to the good stuff already #MKR",none
Really dragging the season out this year #mkr,none
"Ok, I'm out. I can't sit through another round with the worst of the worst  #MKR",none
"Here we go again, again. #MKR",none
Draaaaaaaaaaaaaaaaaaaaging it out #MKR,none
"Another instant restaurant round? Nah, see ya MKR. Done. #mkr",none
Yes! Get rid of Kat! #MKR,none
Blondes vs blondes #MKR,none
Dragging this series out. #MKR,none
Ive missed gay lloyd.. #MKR,none
"That ""hotpot"" looks like all of the Bristol Stool Chart on one plate  #MKR http://t.co/a51bacKDrk",none
"Out of these six, I like 3 couple I think. #mkr #mkr2015",none
Another kitchen round. Yeah I'm out #MKR,none
Imagine if Annie &amp; Drasko had a baby... #MKR,none
RT @TheFIXninemsn: Saved by the tail of a spatchcock #mkr #promogirls,none
RT @eastofjanuary: How unfortunate... they're staying. #MKR,none
@mykitchenrules nailed it!!! #MKR,none
kat's eyeballs freaking out #MKR,none
Omg I'm done with this show. It's so torturous I'd rather be in Syria #mkr,none
Seriously not another instant restaurant round. #MKR,none
Another instant restaraunt round!? Happy and sad bout this #MKR,none
God another fucking instant restaurant round #mkr,none
Are you effing kidding me???? Talk about #JumpingTheShark #MKR,none
@janelouisegreen @Edible_Press capsicums from a jar...no one will notice!!!! Blah! #mkr #fassnidgewillnotice,none
RT @KitttyKattz: .@Scomiche_ or we could not watch . . . bit over it all!! #mkr,none
Not again #MKR,none
"#MKR has jumped the Shark Fin Soup

#MKR",none
I'm so over the instant restaurants  #mkr,none
"Oh no, we are not surprised. #mkr #MKR2015",none
RT @sharonpiggott: Anything deconstructed should be banned... Unless it's a shandy &amp; I can give the lemonade to my niece!! #mkr,none
a 3 from Lynn and Tony? Well we all know who's strategic voting #mkr,none
Annies back! #MKR,none
"RT @The_Eccles: ""Everyone underestimated us"" 
We still do, as well as underestimating the judging #MKR",none
Well that is interesting #MKR,none
Way too many teams #MKR,none
"@smtvic I believe another nice Irish expression would be Colin is a ""fecking eejit"". #MKR",none
"RT @finicalgal: And a 7 for ""smear of lemon tart""???
#MKR",none
Oh ders Robert!! HEY THERE!!! #mkr,none
Rigged #MKR,none
The poodle returns #MKR,none
Yay Robert and Lynzey and Sheri and Emilie are back!!!! #MKR,none
"Haha girls, it's not over yet! #mkr #MKR2015",none
Forgot how annoying annie is. This is what happens when the series goes for ten years  #mkr,none
Or just another round. #mkr,none
"Not another round! 

FFS

#MKR",none
One of the girls looks a bit like Claire Danes. #MKR,none
You lost me! I can't stand watching those conceited idiots any more! #MKR,none
Surley not another round of instant restaurants?!??! #MKR,none
My cheeks hurt from cringing at the #killerblondes on #MKR #MKR2015 #mykitchenrules,none
THE HUNGER GAMES! #mkr,none
"Hope you do okay XD
Looks like youll do good
Darn I want a lemon tart now :/ #killerblondes #MKR",none
Aww so sad goodbye Lynn &amp; Tony wish you made it through don't give up your amazing and so lovely #mkr #MKR2015,none
Omg Colin's been drinking the coolaid #mkr,none
I was sure they'd roll Lynn out like Violet Beauregarde #mkr http://t.co/CE3ohCaWrK,none
"RT @peteevansnot: There still trying to figure out if 57 is more than 46 or not.

#mkr",none
#mkr,none
"People don't like surprises, but they're on a reality show. irony. #MKR",none
3 chef wankers #MKR,none
"RT @G__Syd: No, honey, you can't win this competition #mkr",none
"So many people. This is going to go on FOREVER, isn't it? #mkr",none
They shouldn't keep shitty people in a cooking competition for ratings. How about you focus on people who CAN ACTUALLY COOK?? #MKR,none
I'm thinking there is another round of instants coming  #mkr,none
Is there going to be a 4th group? #MKR,none
ASH IS BACK! #MKR,none
"Emma, we need to talk about that dress #MKR",none
They got through.....pity....The blonde butchers. Lyn and Tony nice ppl ....have left  #MKR,none
"#mkr #KillerBlondes don't get ahead of yourselves, you've only proved you're not the worst",none
"#MKR Those sausages look unlikable, do they even know what they are doing?!",none
RT @120dollarsfood: Of course they're going to stay. We hate them therefore they're a ratings winner. #MKR,none
Boonch? #MKR,none
Wooo Hooo!!!!! Ash and Camilla are back!!!! #MKR,none
"Kate and Nikki, meet Sherie and Emilie. Class, elegance and humility.  #mkr",none
Can someone explain to me how food is sassy? #mkr,none
"No girls....you really, really can't win this competition #MKR",none
RT @Nathan19871: It was rigged #MKR,none
#MKR Rigged! So so bloody rigged!!!,none
"@mykitchenrules that was a joke, bullshit scores #MKR",none
Lousy scoring Colin. It wasn't a mascapone sorbet dish it was lemon tart. #MKR,none
That was definitely rigged. #MKR,none
Oh yay. I am so glad I get to see more of these sass girls. #MKR #SarcasmTakenToTheNextLevel,none
#mkr a 7 for that dessert? colin has just lost all credibility,none
Hey Colin! You're a knob. #MKR,none
"Then again, no more animal print fisherman's pants, so win #MKR",none
"Just put them all in a ring, give them some boxing gloves, and watch it all play out from there. #MKR",none
Can they please not say 'sassy' anymore? #MKR,none
@mykitchenrules YESSSSSS #MKR #MKR2015,none
HOW DO YOU GIVE A 7 FOR A LEMONLESS LEMON TART?! #MKR,none
how can they be ur a mum and dad after 5 days at a dinner table honestly #mkr,none
Time to see these girls finally cook.... Sink or swim. Sassy won't save you #mkr @mykitchenrules,none
Are you kidding me Colin!! How did that spew on a plate get a 7 #mkr #mrk2015,none
Did they drug Colin's serving or...? #mkr,none
Good thing deconstructed only happens in food.  Imagine getting a deconstructed house #mkr,none
See you later Lynne and Tony- sending you our love! Good luck in the future #MKR,none
I kind of want to put a sock in Draskos mouth so he will stop talking #mkr,none
Not happy Jan! #mkr http://t.co/DAwPZvyLAp,none
RT @TheAngelaOfOz: That's bullshit Colin and you know it. #mkr,none
You did NOT come out with the sass. let's just make that clear #MKR,none
How the fuck did they manage that #MKR,none
RT @fee_bee_63: A 7? This bloke is utterly demented. #MKR,none
Still doesn't change the fact that you are a pair of airheads #MKR,none
Damn this means j have to see more of their faces #MKR #MKR2015,none
a definitive ruling: sherry and prawn cocktails are not competitive #MKR,none
This show is rigged #MKR,none
Of course they're going to stay. We hate them therefore they're a ratings winner. #MKR,none
"And a 7 for ""smear of lemon tart""???
#MKR",none
Out come the fingers and toes to do the counting. #MKR,none
Open both doors please. Wide load coming. #MKR,none
#MKR Fuck you Colin! That was total shite!,none
WTF!!! #MKR2015 #MKR,none
Oh no they're staying #mkr,none
How unfortunate... they're staying. #MKR,none
NOOOOOOOOOOOOO #MKR,none
Saved by the tail of a spatchcock #mkr #promogirls,none
I hate deconstructed deserts. You never even GET anything. It's like a fucking cheese platter #mkr,none
Sounds awful but Tony reminds me of Mr Creosote from The Meaning of Life #MKR #MKR2015,none
This is just ridiculous. #mkr Another 7 FFS.,none
Fuck. #MKR,none
7 for the main &amp; dessert. What the?  #MKR,none
"And somehow blonde triumphs again, bugger. #mkr",none
That's bullshit Colin and you know it. #mkr,none
RT @SweatyJester: Ya gots to sass it. #MKR http://t.co/VSYY9sM9hS,none
Handmade gnocchi for dinner. Frugii for dessert. My home made dinner is better than that #mkr dinner.,none
You have a tail??? #MKR,none
"A 7? for unboned spatchcock and instant couscous?
#MKR",none
"Tony has even crossed his tits

#MKR",none
RT @NewIdeamagazine: The moment of truth... Did the girls deliver on their promises? #mkr,none
BULLSHIT!!!! #MKR #MKR2015,none
They better have spatched their own cock. #MKR,none
A 7? This bloke is utterly demented. #MKR,none
"#mkr Boy, @FourinHandyou sure know how to dish out an insult ""your sausage was a little short of fat..."" Glad they weren't male contestants!",none
Preeetty easy to spot which houses are producer rentals #MKR #MKR2015,none
The bord? #MKR,none
The reason why Katie &amp; Nikki cooked the main was all in the name. #MKR,none
"@thecanvass_I've just been challenged to make this menu tomorrow night after commenting ""That's not hard, I could do better than that"". #MKR",none
U think they realize they need a total of 10 here?? #mkr,none
Someone really wants to keep them in #MKR,none
"FUCK YOU COLIN! 

#riot #moist #mkr",none
Colin fully channeling Edward Scissorhands tonight #MKR,none
I hate when my sausage is scored a 3 #mkr,none
There is NOTHING glamorous about that restaurant #MKR,none
Joe is looking hopeful. #MKR,none
just eat his dick already drasko #MKR,none
"I've been playing the ""sass"" word drinking game and I've managed to deconstruct myself #MKR",none
Apparently sass is what keeps you in the competition rather than the basic skill of cooking #mkr,none
"Collin admits that he is easily confused by a sausage.
#MKR",none
Your hotpot was...I don't know....gross #MKR,none
RT @narryyymate: Drasko and Steve are trying to impress Collin so bad #MKR,none
'Welcome to our instant restaurant Tacky..I mean Sassy' #mkr #katieandnikki,none
"RT @squishilicious: Ad break pet pic #mkr (not my tortoise tho. I had them as a kid, this is the cutest idea!) http://t.co/Djg5k1qnZI",none
Three is a low score. Good work Sherlock. #MKR,none
#MKR my guess. bottom 2 teams from each round are going back into instant restaurants. Just saying.,none
AHA BUT NO ONE ELSE DOES #MKR,none
#MKR makes much more sense when you realise it's not a cooking show,none
#catchup #MKR ok so I might be turning into my mother but isn't it a bit rude to wear your hat at the table?? #lovetheQldMatesanyway,none
"Colin: ""make moine a dooble."" #MKR",none
"It must wonderful to live in a delusional, surreal world where everything evolves around you. #MKR",none
shoulda named the restraunt #spastic #MKR,none
@mykitchenrules love how u have to where the same stuff on a different night #mkr,none
Have you two even thought about the way you acted through this round? #MKR Scores aren't surprising,none
After the 3/10 I'm actually hoping that lyn and tony go home #mkr,none
Nikki does NOT look happy with the group's score #mkr,none
The show is about cooking NOT SASS #MKR,none
@colonelkickhead but would they cook better than these terrible contestants? #mkr,none
If I hear the word sass one more time... &gt;.&gt; #mkr,none
@dumbadm1n Pete would love it! #mkr,none
RT @dcm81: #killerblondes ?? Have the producers lost the plot or have my eyes failed? In what universe are they even remotely hot in?? #MKR,none
Katie and Nikki should've called their restaurant Conceited not Sassy #mkr http://t.co/ucU0w6Sh5I,none
".@helloheliotrope show changes its name to ""your kitchen, my rules"" #MKR",none
"If Tony &amp; Lynn are eliminated, they should just burn the set like the house in What's Eating Gilbert Grape?
#mkr",none
Damn he liked it #MKR,none
Stop saying Sass #mkr,none
Was that just the girls voices on they add confirming that they didn't go home? Really? Again channel 7?? #MKR,none
Oh it's sas that keeps them in the competition. I thought it was cooking... silly me #MKR,none
"It's time to go.......

Rob's hat

#MKR",none
@mykitchenrules double elimination? Or a challenge elimination? #mkr,none
#thecockroachthatjustwontdie RT @bookshopaddict: Surprise announcement?  Another bloody instant restaurant round?  #mkr,none
runway?!?!?! 2 boxes put together by the looks of it! #MKR,none
Ok... Who should stay? And who should go? #MKR,none
"Meanwhile, the week one contestants have married, divorced, bought and sold houses.... #mkr",none
Surprise announcement. Drasko is actually Superman. Been dressed as Clark Kent for the whole show.  #MKR,none
I got it! They're bringing the slam dunk contest to #mkr,none
"RT @DanAndMaz: Katie &amp; Nikki from #MKR are on #DanAndMaz tomorrow, we want to find some more ""sexy butchers""... Know any @FourinHand?

@myk",none
Maybe there will be yet another secret round where Colin cooks off against Pete &amp; Manu &amp; the winner is declared the bigger dickhead #MKR,none
@squishilicious That would also be aces on a turtle. In water. :-) #MKR #PetsInAdBreaks,none
#MKR dying for the night when the special announcement involves the remaining teams eating the eliminated contestants.,none
Well done channel7 for NOT spoiling the big surprise announcement this week!!!!!!!!!! #mkr #MKR2015,none
Katie and Nikki better not get a point for every time they said 'we're pretty' #MKR,none
Hope the suprise isn't eliminated contestants get to cook off for a chance to return! #MKR,none
oh fuck im late!!! i missed stupid shit im sure! #MKR,none
I hope Colin doesn't like it #mkr,none
RT @Everestedup: Omg double elimination?! #MKR,none
Raining tens? More like raining bullshit because we all know no one can bloody cook! #MKR,none
In other news: the team I was rooting for last year just favourited my tweet. I'm not crying... you are. #mkr #AnnieAndJason,none
"pretty: adjective 1.) attractive in a delicate way without being truly beautiful.""a pretty little girl with an engaging grin"". Um, no. #mkr",none
"RT @finicalgal: ""We're off to a special location for this announcement. It's a warehouse with drapes and a stage. It screams 'special'.""
#M",none
#cankles #methteeth #mkr,none
It's #KillerBlondes vs Serengeti at sunset on #mkr,none
Holy crap they just wasted 55mins of prep time getting ready and still look the same! I hope their fall is spectacular!! #MKR,none
RT @maddotsu: Is #channel7 taking us for a ride. Back to back as breaks.  #MKR,none
Another surprise twist announcement... probably going to make everyone do another home cooking round because no one can cook. #MKR,none
I'm guessing a total of 51 for the sassy ones and the South Africans will be gonnnnne... As they should #MKR #chokers,none
"""The scores will not be revealed here""
*everyone acts surprised*

Yeah like you don't all know how it goes
#mkr",none
"@mykitchenrules If Katie and Nikki scored a point for every time they called them selves  pretty  they would score around 273,345 #mkr",none
Have a feeling the girls will stay. Just.  #MKR,none
No matter who goes home everyone is a winner for having to have dinner with Drasko on multiple occasions #MKR,none
And the next surprise announcement? The losers will all transition to @masterchefau #MKR,none
"Ad break pet pic #mkr (not my tortoise tho. I had them as a kid, this is the cutest idea!) http://t.co/Djg5k1qnZI",none
Lynn and Tony being so strategic and gave a 3. I think I'll give them a 5 #MKR,none
Why do they always look shocked when they reveal that the final team's score will be revealed at head quarters?? It happens every year  #MKR,none
Not convinced the #KillerBlondes on #MKR are all that. Or at least not what they talk themselves up to be. Here's the test! @mykitchenrules,none
RT @pommy_popsock: Skippy was NOT served up alleged deconstructed lemon tart in this photo. #MKR #PetsInAdBreaks http://t.co/x0SS5G70W7,none
Another ad. Seriously? #mkr,none
Next surprise will be: there is a second secret round taking place on Mars by the guys that are applying to go die on Mars! #MKR,none
That chicken thing is disgusting #mkr,none
#HowToGetAwayWithMurder? Serve raw #Spatchcock! #MKR #MKR2015,none
"To be fair to Katie &amp; Nikki, the combined group score is way too low compared to what they served up #MKR",none
Surprise announcement?  Another bloody instant restaurant round?  #mkr,none
Omg a secret location! #MKR,none
Discussion of the lemon Kurd adding nuance to the Middle East debate on #MKR,none
Look if the girls stay they won't win the comp anyway so... I dunno dun care #mkr,none
Aw there's nothing to cry about Lynn xx #MKR,none
#mkr another reality tv twist. please stop. look how this secret round turned out.,none
"""Someone is going home. Absolutely. It's in the production notes and is the premise of ""elimination round.""""
#MKR",none
"3, 4, 4 from me. Below average all over #MKR",none
RT @CattyKoala: #MKR I really think you owe us your viewers an apology.  This is a cooking show - right?,none
"I have absolutely no idea what the phrase ""saving room for dessert"" means.
#MKR #KillerBlondes ",none
"""We've proved we're not just the dumb blondes with pretty faces"". Whatevs. #MKR",none
OoOh what do you think is the surprise announcement? #MKR,none
"Hi ho, back to the dungeon we go! #mkr #MKR2015",none
Tony and Lynn wouldn't go so well on an old narrow TV. #Mkr,none
You have a face like a dropped pie lol #MKR,none
RT @Gary150iq: #MKR   Bye Bye Birdies........,none
Shock Horror #MKR,none
"Oh shut your gob Will, its hardly a surprise #MKR",none
Omg double elimination?! #MKR,none
#mkr so far deconstruction seems to also be happening on #TheBlock @TheBlock9 How abt constructing something?,none
RT @rayyyych: I want the blondes to meet the frizzy loud girl in the other group #mkr,none
RT @PatriceChienne: Drasco's doppelganger would be a more interesting conversationalist at a dinner party. #MKR http://t.co/UjgrXkEOed,none
I think a 3 is more than adequate. I don't want the Sif Ifrikans to go out. #MKR,none
RT @RobinRiedstra: Nobody likes a dry sausage. #MKR,none
"""I'd push for a 4.""
""I'm secretly in love with you but not ready to come out. I agree.""
#MKR",none
Spatchcock and couscous? Straight out of a  @Nigella_Lawson cookbook. #MKR,none
Solid average #mkr,none
Wait till you hear your scores butcher models #MKR,none
@amsatweet it's killing me #MKR,none
"So, have Katie and Nikki done enough to survive? What do you think? #mkr",none
lol the others have no knowledge about the promos #MKR,none
"""someone is going home, absolutely""
well, yes. #MKR",none
"""Proven how well we can really do"" Uhhh, what? #MKR",none
"RT @PatriceChienne: ""You confuse me, but in a good way"" #MKR http://t.co/Uq19q6PNAQ",none
"My little chickeny thing was fantastic, and you cook? #mkr",none
I think you've been estimated enough #mkr,none
The spatchcock and desert looked great 8/10 #MKR,none
I can't see how there was any real cooking in the main #MKR,none
It's Nikki's hot pot but she has Katie make the sausages #MKR,none
And double #Simpsons episode trumps #mkr,none
I agree with a 4 Will and Steve #mkr,none
"Call me crazy, but I like my food constructed. I wouldn't pay for a build it yourself dessert #MKR",none
The teams are so rough in their scoring girls deserve better #MKR,none
Obviously strategic voting!! #mkr,none
Emma Roberts?  #mkr,none
"""Chickeny thing"". Technical terminology here #mkr",none
RT @WittySam: Refined &amp; pretty? Looks like something a blind kindergarten student chucked on a plate. #MKR,none
"""You confuse me, but in a good way"" #MKR http://t.co/Uq19q6PNAQ",none
"RT @Imrealwill: If a white person eats a dessert and no one is around to Instagram it, did it even happen?
#KillerBlondes #MKR #MKR2015 ",none
I actually wouldn't mind a bit of strategic voting against this team... #MKR,none
RT @Shar_ryy: Surely we are being Punked #MKR,none
"Colin has the kid gloves on tonight, they must be the producer's favourites. They seem to like the dessert. What about the micro-herbs? #mkr",none
"RT @SeaEph: Lots of ppl willing to give u that 'punch' you're missing Colin

#MKR",none
I'm not saying Tony &amp; Lynn are definitely eliminated but the show has already booked a fork lift to take them home #MKR,none
"The deconstructed lemon tart, now being sold in flat pack from ikea.#mkr",none
"Drasko trying to use his fork to eat the breadcrumbs...

#mkr http://t.co/lS4y9U9TVZ",none
Nobody likes a dry sausage. #MKR,none
What does Colin and the rest of the table taste and see that we don't? I thought #KillerBlondes murdered their instant restaurant #MKR,none
I bet the blondes stay.....For Twitters entertainment ....;))) We all know they FAILED miserably ;)))) #MKR,none
Nikki...Kermit the frog called and he wants his voice back #MKR #MKR2015 #KillerBlondes @mykitchenrules,none
Turned the tele off. How did tinyteeth and spindle do in #MKR #MKR2015  ?,none
Colin can't taste the food if he hasn't got his eyes closed #mkr,none
Now I'm going to have to make a lemon tart next weekend #MKR http://t.co/vaEs1SfX30,none
These two are the Chloe and Kelly of the group #MKR,none
Is there an #MKR anonymous?,none
Surely we are being Punked #MKR,none
I'm not in the mood to watch #MKR tonight. Will watch the twitter posts to see who gets the boot.,none
They lost me at 'pink mason jars'. They've gotta go. #MKR,none
I'd send that deconstructed shit back #mkr,none
"I think Lynn and Tony might be in trouble. If they scrape through, it'll be because they are nicer than the blondes. #mkr",none
Do Drasko &amp; Bianca like anything? #MKR,none
Was the reference of not being an oil painting to the girls or the dessert #mkr,none
RT @jpthepower: Never eating at Nando's ever again. I've seen the old man add at least 107 times. I just can't #mkr #burrito,none
#mkr http://t.co/uXxoFqJ2cJ,none
Can these girls stop talking about how pretty they are?!! Who talks like that? #narcissisticmuch? #mkr,none
Can tomatoes are fine #MKR,none
Sorbet success! #mkr,none
"I can confuse you in an even better way, Colin. #MKR",none
I think that the silver lining is really lightning.  Wish the storm wold hurry up and blow them away #MKR,none
Deconstructed lemon tart #mkr http://t.co/0lVCVGN6fo,none
If my daughter had a yellow smear like that in her nappy I'd be rushing her to the doctor #mkr,none
I don't understand mean girls. And certainly not mean girls on Aussie television. #MKR #MKR2015,none
"""You confused me... in a good way,"" -is a that a compliment, Colin? Katie and Nikki think so! #mkr",none
They will make it because they add drama to the show. #mkr,none
Why is Colon being so nice? WHY? #MKR,none
gee they maybe should have put in lemon juice in the curd #mkr bye bye South Africans,none
To be fair opening a packet of chips confuses Colin so that isn't much of an achievement really #MKR,none
"""If we're at the bottom of the leaderboard, we're going home!"" CLEVER! #MKR",none
#mkr I wonder when these chicks will get their adult teeth?,none
"""Deconstructed"" means you don't have the skills to make it properly. #MKR",none
Now the rest of them can eat their melted sorbet #mkr,none
Abstract? It's kindergarten finger painting. #MKR,none
"Deconstructed Lemon Tart, it was a plate of crushed biscuit #MKR",none
"Lots of ppl willing to give u that 'punch' you're missing Colin

#MKR",none
#MKR is making me feel all stabby right now. #Sassy,none
Not enough Lemon in their lemon tart #MKR woops.,none
More like deconstructed lemon fart amirite #MKR,none
Tonight's #MKR is a classic example of ppl trying to do fancy prep without considering the actual eating of the dish. Fail for me!,none
It's not even pastry! #mkr,none
#MKR They think dessert will go down well? I think it'll come up just as well but more violently,none
#MKR learn how to open cans a baby knows that lol,none
"On presentation alone, these girls shouldnt even make the final judging. 2 of 3 looked like dog food #mkr",none
Those kisses on the mirror look like. ....cats arses #mkr,none
I think I just got turned off lemon tarts #MKR,none
#MKR   Bye Bye Birdies........,none
"Why ""deconstruct"" everything? How about learning to cook simple, good food first? And then stick with that. #mkr",none
'It was no oil painting' #mkr #theshade,none
These girls do not know sass. But they do seem to be serving a healthy dose of vanilla. #yawn #MKR,none
That really does look unappealing #MKR,none
Well he ate it all #MKR,none
"RT @immichaeldixon: Katie and Nikki, smug, vacuous, condescending, putrid, self congratulatory and bland. There. #MKR",none
"""@KathTonkin: My dog has vomited better meals than that #MKR"" mine as well, he even eats his own shit too.",none
RT @PatriceChienne: Trill on a plate with smooth stuff. Perfect for budgies with beak problems. #MKR,none
"The last time I saw that much blood on the table, I was watching Alien. #mkr",none
RT @Erin_Reimer: In what world would you not be disappointed with that? #MKR,none
Beans on toast for dinner tonight. Would score higher than tonight's menu for sure! #mkr #MKR2015,none
#mkr how do you actually eat that shit?,none
"I said I wanted sorbet now and they should tell us the menu prior, but she's got an even better idea, genius!! #MKR http://t.co/eSW23U0b2V",none
They look raw! How can they think that is cooked?? #MKR,none
RT @Rellielicious: Am I watching punk'd ? #MKR,none
Their restaurant is so TACKY #mkr,none
Oh dear god. This dining room. #MKR,none
"i'm happy when life hands me lemons. can't do shots of tequila with artichokes.
#MKR  #KillerBlondes",none
What do you think of dessert? #KillerBlondes #MKR,none
Are they on something? Seriously they must be huffing #MKR,none
Not sure how much more of this crap I can endure  #mkr,none
Drasko and Steve are trying to impress Collin so bad #MKR,none
Cannot wait for Colin's opinion of this dessert! @FourinHand @mykitchenrules #mkr #PromoGirls #colinskitchenrules #SecretRound,none
#MKR   Gimme a break boys.....,none
"#MKR Finally food I can relate to
#chevape #paprikash #wogfood #MKR2015",none
The dessert has been forgotten about already...... #MKR,none
"RT @TheFIXninemsn: That just happened, right? The catwalk?! The cat-bloody-walk?! #mkr",none
This boy at Coles looks uncomfortable #mkr,none
#MKR people watch this shit?? Fuck me dead!,none
"""How embarrassing"" is right . . . I would be embarrassed to be you two as well #MKR",none
"@DydeAmy but that's the thing, they clearly have skills, but waaaay monstrous egos as well #MKR",none
RT @fee_bee_63: What a surprise. mess on a plate #MKR,none
Her laugh is horrendous #MKR,none
Go girls #MKR,none
RT @keithwgreen: Colin..SHAMPOO YR HAIRRRRR #MKR,none
"@justimagine29 LOL this --&gt;  ""@TVWEEKmag: You walk by putting one foot in front of the other? Really? Amazing advice! #mkr""",none
RT @natpattherat &lt;&lt;&lt;as funny as a fart in an elevator : They have treated this lemon tart worse than Brandis did Triggs #MKR,none
"RT @jo_warne: Face palm face palm - the model show is cringy, i watch #mkr for the cooking!",none
RT @SueKennedy19: #MKR I would punch the chef in the face if they served me a dessert that looked like that- hard!!,none
"""It's refined and it's pretty. Like us!"" 

Seriously, someone get these girls English lessons, they have no idea what they're saying. #MKR",none
I wish people would stop deconstructing desserts! #MKR,none
"RT @PaulyPMC: I object to any food item that rhymes with ""turd"" #MKR",none
I'm amazed that #mkr could actually find a tweet of mine acceptable for television ... Clearly there's not enough swearing! #fuck,none
Those that talk the most crap always end up doing bad #MKR,none
Oh so pastry and Kurd on the side #mkr,none
"Will reveals he once done some Modelling, as well as being a body double in a porno. #MKR http://t.co/mWHNWNWd4Z",none
"Katie and Nikki, smug, vacuous, condescending, putrid, self congratulatory and bland. There. #MKR",none
"Yep, they are just as pretty as that plate. All the pieces are there, just not put together properly #MKR",none
the afghan bowlers serve up better shit than this garbage on @mykitchenrules #MKR #notevengoodsorts,none
RT @finicalgal: The deconstructed lemon tart looks pretty much like what your plate might look like after you've EATEN a lemon tart. #MKR,none
They still haven't churned their sorbet...... #mkr,none
Why would you serve this shit to Colin. Honestly. #MKR,none
Deconstructed is a synonym for smears of mess on a plate. #MKR,none
#MKR Drasco is actually spelt Drongo,none
Why not just make a tart? #MKR,none
#KillerBlondes? Food so shit it killed all the other contestants? #MKR,none
Oh well. Back to promo work #MKR #MKR2015,none
That Drasko guy is really starting to get on my tits #MKR #ShutUp,none
"I don't get it! Why deconstruct a tart, that's just weird  #MKR",none
"RT @SeaEph: Find out more about these losers? No thanks Colin....I'd rather have my other nut removed

#MKR",none
In what world would you not be disappointed with that? #MKR,none
My dog has vomited better meals than that #MKR,none
@itslola2u Turned #MKR on Qld time to see your Steve; first mins of 'promo girls' &amp; I've poked out my eyes.,none
Massimo Boturra is now crying bitter tears about their deconstructed lemon tart.  #mkr,none
"@slabdogs I think the tweet picker is struggling! 

#mkr",none
RT @Catherine_Sarah: THAT IS THE DESERT!!! oh gawd if they don't go home this game is so rigged #MKR2015 #MKR,none
Stop being so polite. What the fuck is that shit you're serving us ? #MKR,none
The only thing getting butchered is their modelling careers:)  #MKR,none
I will never understand the reasoning behind deconstructed desserts. Just make a lemon tart! #mkr,none
Colin is super hot #MKR,none
"Too funny! ""This crumb is not shortcrust - it's BISCUIT"" #gasp #MKR",none
That Queensland cunt in the hat reminds me of Brian Blessed if he was the most boring man on planet earth #mkr,none
My prediction for tonight is fail #mkr,none
"Hopefully Lynn and Tony will survive this round and see them have a second chance, the girls haven't shown us enough skill! #mkr",none
